,sample_0,sample_1,raw_score,corrected_score,normalized_score,resampled
0,virtsim_19_0,virtsim_30_1,12,1.5,-0.005,False
1,virtsim_19_0,virtsim_30_3,12,1.5,-0.005,False
2,virtsim_19_0,virtsim_64_2,11,1.38,-0.065,False
3,virtsim_19_0,virtsim_64_3,13,1.63,0.06,False
4,virtsim_19_0,virtsim_45_1,10,1.25,-0.13,False
5,virtsim_19_0,virtsim_17_1,11,1.38,-0.065,False
6,virtsim_19_0,virtsim_29_3,14,1.75,0.12,False
7,virtsim_19_0,virtsim_29_1,14,1.75,0.12,False
8,virtsim_19_0,virtsim_62_1,11,1.38,-0.065,False
9,virtsim_19_0,virtsim_73_3,11,1.38,-0.065,False
10,virtsim_19_0,virtsim_74_2,14,1.75,0.12,False
11,virtsim_19_0,virtsim_74_4,14,1.75,0.12,False
12,virtsim_19_0,virtsim_92_1,13,1.63,0.06,False
13,virtsim_19_0,virtsim_38_2,13,1.63,0.06,False
14,virtsim_19_0,virtsim_38_4,13,1.63,0.06,False
15,virtsim_19_0,virtsim_24_2,13,1.63,0.06,False
16,virtsim_19_0,virtsim_24_3,13,1.63,0.06,False
17,virtsim_19_0,virtsim_26_3,12,1.5,-0.005,False
18,virtsim_19_0,virtsim_77_3,13,1.63,0.06,False
19,virtsim_19_0,virtsim_24_4,13,1.63,0.06,False
20,virtsim_19_0,virtsim_79_1,9,1.13,-0.19,False
21,virtsim_19_0,virtsim_79_3,10,1.25,-0.13,False
22,virtsim_19_0,virtsim_34_4,13,1.63,0.06,False
23,virtsim_19_0,virtsim_34_1,13,1.63,0.06,False
24,virtsim_19_0,virtsim_65_4,14,1.75,0.12,False
25,virtsim_19_0,virtsim_65_2,14,1.75,0.12,False
26,virtsim_19_0,virtsim_37_1,11,1.38,-0.065,False
27,virtsim_19_0,virtsim_16_4,12,1.5,-0.005,False
28,virtsim_19_0,virtsim_37_4,11,1.38,-0.065,False
29,virtsim_19_0,virtsim_96_3,10,1.25,-0.13,False
30,virtsim_19_0,virtsim_96_4,10,1.25,-0.13,False
31,virtsim_19_0,virtsim_28_4,12,1.5,-0.005,False
32,virtsim_19_0,virtsim_14_2,15,1.88,0.185,False
33,virtsim_19_0,virtsim_28_1,12,1.5,-0.005,False
34,virtsim_19_0,virtsim_94_1,15,1.88,0.185,False
35,virtsim_19_0,virtsim_73_2,9,1.13,-0.19,False
36,virtsim_19_0,virtsim_69_2,12,1.5,-0.005,False
37,virtsim_19_0,virtsim_69_1,12,1.5,-0.005,False
38,virtsim_19_0,virtsim_92_2,14,1.75,0.12,False
39,virtsim_19_0,virtsim_1_1,13,1.63,0.06,False
40,virtsim_19_0,virtsim_1_2,13,1.63,0.06,False
41,virtsim_19_0,virtsim_75_3,13,1.63,0.06,False
42,virtsim_19_0,virtsim_1_4,13,1.63,0.06,False
43,virtsim_19_0,virtsim_25_3,12,1.5,-0.005,False
44,virtsim_19_0,virtsim_25_1,12,1.5,-0.005,False
45,virtsim_19_0,virtsim_53_4,11,1.38,-0.065,False
46,virtsim_19_0,virtsim_60_4,13,1.63,0.06,False
47,virtsim_19_0,virtsim_54_4,13,1.63,0.06,False
48,virtsim_19_0,virtsim_59_1,14,1.75,0.12,False
49,virtsim_19_0,virtsim_98_2,13,1.63,0.06,False
50,virtsim_19_0,virtsim_88_4,12,1.5,-0.005,False
51,virtsim_19_0,virtsim_78_3,9,1.13,-0.19,False
52,virtsim_19_0,virtsim_45_2,11,1.38,-0.065,False
53,virtsim_19_0,virtsim_57_3,13,1.63,0.06,False
54,virtsim_19_0,virtsim_61_2,12,1.5,-0.005,False
55,virtsim_19_0,virtsim_12_2,13,1.63,0.06,False
56,virtsim_19_0,virtsim_35_2,14,1.75,0.12,False
57,virtsim_19_0,virtsim_55_3,13,1.63,0.06,False
58,virtsim_19_0,virtsim_18_1,12,1.5,-0.005,False
59,virtsim_19_0,virtsim_55_1,13,1.63,0.06,False
60,virtsim_19_0,virtsim_84_4,16,2.0,0.245,False
61,virtsim_19_0,virtsim_84_1,15,1.88,0.185,False
62,virtsim_19_0,virtsim_44_1,13,1.63,0.06,False
63,virtsim_19_0,virtsim_90_3,11,1.38,-0.065,False
64,virtsim_19_0,virtsim_47_3,13,1.63,0.06,False
65,virtsim_19_0,virtsim_11_4,10,1.25,-0.13,False
66,virtsim_19_0,virtsim_90_4,13,1.63,0.06,False
67,virtsim_19_0,virtsim_49_4,12,1.5,-0.005,False
68,virtsim_19_0,virtsim_27_2,14,1.75,0.12,False
69,virtsim_19_0,virtsim_86_4,12,1.5,-0.005,False
70,virtsim_19_0,virtsim_41_2,11,1.38,-0.065,False
71,virtsim_19_0,virtsim_5_1,12,1.5,-0.005,False
72,virtsim_19_0,virtsim_5_3,12,1.5,-0.005,False
73,virtsim_19_0,virtsim_27_4,14,1.75,0.12,False
74,virtsim_19_0,virtsim_27_1,14,1.75,0.12,False
75,virtsim_19_0,virtsim_95_1,10,1.25,-0.13,False
76,virtsim_19_0,virtsim_43_2,12,1.5,-0.005,False
77,virtsim_19_0,virtsim_2_3,15,1.88,0.185,False
78,virtsim_19_0,virtsim_93_4,10,1.25,-0.13,False
79,virtsim_19_0,virtsim_68_3,12,1.5,-0.005,False
80,virtsim_19_0,virtsim_68_4,10,1.25,-0.13,False
81,virtsim_19_0,virtsim_93_3,11,1.38,-0.065,False
82,virtsim_19_0,virtsim_16_2,12,1.5,-0.005,False
83,virtsim_19_0,virtsim_12_4,13,1.63,0.06,False
84,virtsim_19_0,virtsim_50_2,14,1.75,0.12,False
85,virtsim_19_0,virtsim_89_1,11,1.38,-0.065,False
86,virtsim_19_0,virtsim_89_2,11,1.38,-0.065,False
87,virtsim_19_0,virtsim_89_4,11,1.38,-0.065,False
88,virtsim_19_0,virtsim_99_2,14,1.75,0.12,False
89,virtsim_19_0,virtsim_99_3,14,1.75,0.12,False
90,virtsim_19_0,virtsim_56_1,12,1.5,-0.005,False
91,virtsim_19_0,virtsim_56_3,10,1.25,-0.13,False
92,virtsim_19_0,virtsim_80_3,14,1.75,0.12,False
93,virtsim_19_0,virtsim_80_4,14,1.75,0.12,False
94,virtsim_19_0,virtsim_45_3,9,1.13,-0.19,False
95,virtsim_19_0,virtsim_60_3,13,1.63,0.06,False
96,virtsim_19_0,virtsim_82_3,13,1.63,0.06,False
97,virtsim_19_0,virtsim_13_3,13,1.63,0.06,False
98,virtsim_19_0,virtsim_8_1,11,1.38,-0.065,False
99,virtsim_19_0,virtsim_8_3,10,1.25,-0.13,False
100,virtsim_19_0,virtsim_8_2,10,1.25,-0.13,False
101,virtsim_19_0,virtsim_6_2,11,1.38,-0.065,False
102,virtsim_19_0,virtsim_46_4,10,1.25,-0.13,False
103,virtsim_19_0,virtsim_31_4,13,1.63,0.06,False
104,virtsim_19_0,virtsim_46_3,9,1.13,-0.19,False
105,virtsim_19_0,virtsim_40_1,10,1.25,-0.13,False
106,virtsim_19_0,virtsim_40_2,10,1.25,-0.13,False
107,virtsim_19_0,virtsim_4_2,9,1.13,-0.19,False
108,virtsim_19_0,virtsim_52_1,13,1.63,0.06,False
109,virtsim_19_0,virtsim_2_4,14,1.75,0.12,False
110,virtsim_19_0,virtsim_42_4,11,1.38,-0.065,False
111,virtsim_19_0,virtsim_39_1,10,1.25,-0.13,False
112,virtsim_19_0,virtsim_39_2,13,1.63,0.06,False
113,virtsim_19_0,virtsim_23_2,13,1.63,0.06,False
114,virtsim_19_0,virtsim_70_1,14,1.75,0.12,False
115,virtsim_19_0,virtsim_81_2,12,1.5,-0.005,False
116,virtsim_19_0,virtsim_21_3,12,1.5,-0.005,False
117,virtsim_19_0,virtsim_21_1,12,1.5,-0.005,False
118,virtsim_19_0,virtsim_83_4,14,1.75,0.12,False
119,virtsim_19_0,virtsim_85_2,11,1.38,-0.065,False
120,virtsim_30_0,virtsim_30_3,3,0.38,-0.565,True
121,virtsim_30_0,virtsim_64_2,15,1.88,0.185,False
122,virtsim_30_0,virtsim_64_3,15,1.88,0.185,False
123,virtsim_30_0,virtsim_45_1,12,1.5,-0.005,False
124,virtsim_30_0,virtsim_17_1,13,1.63,0.06,False
125,virtsim_30_0,virtsim_29_3,14,1.75,0.12,False
126,virtsim_30_0,virtsim_29_1,13,1.63,0.06,False
127,virtsim_30_0,virtsim_62_1,13,1.63,0.06,False
128,virtsim_30_0,virtsim_73_3,13,1.63,0.06,False
129,virtsim_30_0,virtsim_74_2,11,1.38,-0.065,False
130,virtsim_30_0,virtsim_74_4,11,1.38,-0.065,False
131,virtsim_30_0,virtsim_92_1,12,1.5,-0.005,False
132,virtsim_30_0,virtsim_38_2,14,1.75,0.12,False
133,virtsim_30_0,virtsim_38_4,13,1.63,0.06,False
134,virtsim_30_0,virtsim_24_2,13,1.63,0.06,False
135,virtsim_30_0,virtsim_24_3,13,1.63,0.06,False
136,virtsim_30_0,virtsim_26_3,11,1.38,-0.065,False
137,virtsim_30_0,virtsim_77_3,11,1.38,-0.065,False
138,virtsim_30_0,virtsim_24_4,13,1.63,0.06,False
139,virtsim_30_0,virtsim_79_1,15,1.88,0.185,False
140,virtsim_30_0,virtsim_79_3,14,1.75,0.12,False
141,virtsim_30_0,virtsim_34_4,13,1.63,0.06,False
142,virtsim_30_0,virtsim_34_1,13,1.63,0.06,False
143,virtsim_30_0,virtsim_65_4,14,1.75,0.12,False
144,virtsim_30_0,virtsim_65_2,14,1.75,0.12,False
145,virtsim_30_0,virtsim_37_1,13,1.63,0.06,False
146,virtsim_30_0,virtsim_16_4,12,1.5,-0.005,False
147,virtsim_30_0,virtsim_37_4,11,1.38,-0.065,False
148,virtsim_30_0,virtsim_96_3,11,1.38,-0.065,False
149,virtsim_30_0,virtsim_96_4,11,1.38,-0.065,False
150,virtsim_30_0,virtsim_28_4,13,1.63,0.06,False
151,virtsim_30_0,virtsim_14_2,13,1.63,0.06,False
152,virtsim_30_0,virtsim_28_1,12,1.5,-0.005,False
153,virtsim_30_0,virtsim_94_1,14,1.75,0.12,False
154,virtsim_30_0,virtsim_73_2,14,1.75,0.12,False
155,virtsim_30_0,virtsim_69_2,13,1.63,0.06,False
156,virtsim_30_0,virtsim_69_1,14,1.75,0.12,False
157,virtsim_30_0,virtsim_92_2,12,1.5,-0.005,False
158,virtsim_30_0,virtsim_1_1,12,1.5,-0.005,False
159,virtsim_30_0,virtsim_1_2,11,1.38,-0.065,False
160,virtsim_30_0,virtsim_75_3,13,1.63,0.06,False
161,virtsim_30_0,virtsim_1_4,11,1.38,-0.065,False
162,virtsim_30_0,virtsim_25_3,14,1.75,0.12,False
163,virtsim_30_0,virtsim_25_1,14,1.75,0.12,False
164,virtsim_30_0,virtsim_53_4,12,1.5,-0.005,False
165,virtsim_30_0,virtsim_60_4,14,1.75,0.12,False
166,virtsim_30_0,virtsim_54_4,13,1.63,0.06,False
167,virtsim_30_0,virtsim_59_1,13,1.63,0.06,False
168,virtsim_30_0,virtsim_98_2,13,1.63,0.06,False
169,virtsim_30_0,virtsim_88_4,11,1.38,-0.065,False
170,virtsim_30_0,virtsim_78_3,14,1.75,0.12,False
171,virtsim_30_0,virtsim_45_2,13,1.63,0.06,False
172,virtsim_30_0,virtsim_57_3,13,1.63,0.06,False
173,virtsim_30_0,virtsim_61_2,14,1.75,0.12,False
174,virtsim_30_0,virtsim_12_2,13,1.63,0.06,False
175,virtsim_30_0,virtsim_35_2,12,1.5,-0.005,False
176,virtsim_30_0,virtsim_55_3,14,1.75,0.12,False
177,virtsim_30_0,virtsim_18_1,14,1.75,0.12,False
178,virtsim_30_0,virtsim_55_1,14,1.75,0.12,False
179,virtsim_30_0,virtsim_84_4,13,1.63,0.06,False
180,virtsim_30_0,virtsim_84_1,14,1.75,0.12,False
181,virtsim_30_0,virtsim_44_1,15,1.88,0.185,False
182,virtsim_30_0,virtsim_90_3,12,1.5,-0.005,False
183,virtsim_30_0,virtsim_47_3,12,1.5,-0.005,False
184,virtsim_30_0,virtsim_11_4,13,1.63,0.06,False
185,virtsim_30_0,virtsim_90_4,11,1.38,-0.065,False
186,virtsim_30_0,virtsim_49_4,12,1.5,-0.005,False
187,virtsim_30_0,virtsim_27_2,9,1.13,-0.19,False
188,virtsim_30_0,virtsim_86_4,11,1.38,-0.065,False
189,virtsim_30_0,virtsim_41_2,14,1.75,0.12,False
190,virtsim_30_0,virtsim_5_1,12,1.5,-0.005,False
191,virtsim_30_0,virtsim_5_3,12,1.5,-0.005,False
192,virtsim_30_0,virtsim_27_4,10,1.25,-0.13,False
193,virtsim_30_0,virtsim_27_1,11,1.38,-0.065,False
194,virtsim_30_0,virtsim_95_1,15,1.88,0.185,False
195,virtsim_30_0,virtsim_43_2,13,1.63,0.06,False
196,virtsim_30_0,virtsim_2_3,14,1.75,0.12,False
197,virtsim_30_0,virtsim_93_4,9,1.13,-0.19,False
198,virtsim_30_0,virtsim_68_3,11,1.38,-0.065,False
199,virtsim_30_0,virtsim_68_4,13,1.63,0.06,False
200,virtsim_30_0,virtsim_93_3,10,1.25,-0.13,False
201,virtsim_30_0,virtsim_16_2,12,1.5,-0.005,False
202,virtsim_30_0,virtsim_12_4,13,1.63,0.06,False
203,virtsim_30_0,virtsim_50_2,11,1.38,-0.065,False
204,virtsim_30_0,virtsim_89_1,13,1.63,0.06,False
205,virtsim_30_0,virtsim_89_2,14,1.75,0.12,False
206,virtsim_30_0,virtsim_89_4,14,1.75,0.12,False
207,virtsim_30_0,virtsim_99_2,13,1.63,0.06,False
208,virtsim_30_0,virtsim_99_3,12,1.5,-0.005,False
209,virtsim_30_0,virtsim_56_1,12,1.5,-0.005,False
210,virtsim_30_0,virtsim_56_3,13,1.63,0.06,False
211,virtsim_30_0,virtsim_80_3,12,1.5,-0.005,False
212,virtsim_30_0,virtsim_80_4,12,1.5,-0.005,False
213,virtsim_30_0,virtsim_45_3,10,1.25,-0.13,False
214,virtsim_30_0,virtsim_60_3,13,1.63,0.06,False
215,virtsim_30_0,virtsim_82_3,14,1.75,0.12,False
216,virtsim_30_0,virtsim_13_3,13,1.63,0.06,False
217,virtsim_30_0,virtsim_8_1,11,1.38,-0.065,False
218,virtsim_30_0,virtsim_8_3,12,1.5,-0.005,False
219,virtsim_30_0,virtsim_8_2,13,1.63,0.06,False
220,virtsim_30_0,virtsim_6_2,14,1.75,0.12,False
221,virtsim_30_0,virtsim_46_4,14,1.75,0.12,False
222,virtsim_30_0,virtsim_31_4,13,1.63,0.06,False
223,virtsim_30_0,virtsim_46_3,14,1.75,0.12,False
224,virtsim_30_0,virtsim_40_1,12,1.5,-0.005,False
225,virtsim_30_0,virtsim_40_2,12,1.5,-0.005,False
226,virtsim_30_0,virtsim_4_2,12,1.5,-0.005,False
227,virtsim_30_0,virtsim_52_1,13,1.63,0.06,False
228,virtsim_30_0,virtsim_2_4,15,1.88,0.185,False
229,virtsim_30_0,virtsim_42_4,13,1.63,0.06,False
230,virtsim_30_0,virtsim_39_1,12,1.5,-0.005,False
231,virtsim_30_0,virtsim_39_2,12,1.5,-0.005,False
232,virtsim_30_0,virtsim_23_2,11,1.38,-0.065,False
233,virtsim_30_0,virtsim_70_1,14,1.75,0.12,False
234,virtsim_30_0,virtsim_81_2,14,1.75,0.12,False
235,virtsim_30_0,virtsim_21_3,12,1.5,-0.005,False
236,virtsim_30_0,virtsim_21_1,13,1.63,0.06,False
237,virtsim_30_0,virtsim_83_4,13,1.63,0.06,False
238,virtsim_30_0,virtsim_85_2,12,1.5,-0.005,False
239,virtsim_17_0,virtsim_17_1,7,0.88,-0.315,True
240,virtsim_17_0,virtsim_29_3,11,1.38,-0.065,False
241,virtsim_17_0,virtsim_29_1,12,1.5,-0.005,False
242,virtsim_17_0,virtsim_62_1,10,1.25,-0.13,False
243,virtsim_17_0,virtsim_73_3,12,1.5,-0.005,False
244,virtsim_17_0,virtsim_74_2,13,1.63,0.06,False
245,virtsim_17_0,virtsim_74_4,13,1.63,0.06,False
246,virtsim_17_0,virtsim_92_1,14,1.75,0.12,False
247,virtsim_17_0,virtsim_38_2,13,1.63,0.06,False
248,virtsim_17_0,virtsim_38_4,13,1.63,0.06,False
249,virtsim_17_0,virtsim_24_2,13,1.63,0.06,False
250,virtsim_17_0,virtsim_24_3,12,1.5,-0.005,False
251,virtsim_17_0,virtsim_26_3,14,1.75,0.12,False
252,virtsim_17_0,virtsim_77_3,11,1.38,-0.065,False
253,virtsim_17_0,virtsim_24_4,13,1.63,0.06,False
254,virtsim_17_0,virtsim_79_1,12,1.5,-0.005,False
255,virtsim_17_0,virtsim_79_3,12,1.5,-0.005,False
256,virtsim_17_0,virtsim_34_4,11,1.38,-0.065,False
257,virtsim_17_0,virtsim_34_1,10,1.25,-0.13,False
258,virtsim_17_0,virtsim_65_4,12,1.5,-0.005,False
259,virtsim_17_0,virtsim_65_2,12,1.5,-0.005,False
260,virtsim_17_0,virtsim_37_1,13,1.63,0.06,False
261,virtsim_17_0,virtsim_16_4,9,1.13,-0.19,False
262,virtsim_17_0,virtsim_37_4,13,1.63,0.06,False
263,virtsim_17_0,virtsim_96_3,8,1.0,-0.255,False
264,virtsim_17_0,virtsim_96_4,9,1.13,-0.19,False
265,virtsim_17_0,virtsim_28_4,13,1.63,0.06,False
266,virtsim_17_0,virtsim_14_2,11,1.38,-0.065,False
267,virtsim_17_0,virtsim_28_1,13,1.63,0.06,False
268,virtsim_17_0,virtsim_94_1,15,1.88,0.185,False
269,virtsim_17_0,virtsim_73_2,12,1.5,-0.005,False
270,virtsim_17_0,virtsim_69_2,12,1.5,-0.005,False
271,virtsim_17_0,virtsim_69_1,11,1.38,-0.065,False
272,virtsim_17_0,virtsim_92_2,14,1.75,0.12,False
273,virtsim_17_0,virtsim_1_1,14,1.75,0.12,False
274,virtsim_17_0,virtsim_1_2,15,1.88,0.185,False
275,virtsim_17_0,virtsim_75_3,11,1.38,-0.065,False
276,virtsim_17_0,virtsim_1_4,14,1.75,0.12,False
277,virtsim_17_0,virtsim_25_3,11,1.38,-0.065,False
278,virtsim_17_0,virtsim_25_1,11,1.38,-0.065,False
279,virtsim_17_0,virtsim_53_4,13,1.63,0.06,False
280,virtsim_17_0,virtsim_60_4,13,1.63,0.06,False
281,virtsim_17_0,virtsim_54_4,13,1.63,0.06,False
282,virtsim_17_0,virtsim_59_1,13,1.63,0.06,False
283,virtsim_17_0,virtsim_98_2,13,1.63,0.06,False
284,virtsim_17_0,virtsim_88_4,13,1.63,0.06,False
285,virtsim_17_0,virtsim_78_3,15,1.88,0.185,False
286,virtsim_17_0,virtsim_45_2,11,1.38,-0.065,False
287,virtsim_17_0,virtsim_57_3,12,1.5,-0.005,False
288,virtsim_17_0,virtsim_61_2,11,1.38,-0.065,False
289,virtsim_17_0,virtsim_12_2,13,1.63,0.06,False
290,virtsim_17_0,virtsim_35_2,13,1.63,0.06,False
291,virtsim_17_0,virtsim_55_3,11,1.38,-0.065,False
292,virtsim_17_0,virtsim_18_1,14,1.75,0.12,False
293,virtsim_17_0,virtsim_55_1,11,1.38,-0.065,False
294,virtsim_17_0,virtsim_84_4,10,1.25,-0.13,False
295,virtsim_17_0,virtsim_84_1,10,1.25,-0.13,False
296,virtsim_17_0,virtsim_44_1,13,1.63,0.06,False
297,virtsim_17_0,virtsim_90_3,11,1.38,-0.065,False
298,virtsim_17_0,virtsim_47_3,13,1.63,0.06,False
299,virtsim_17_0,virtsim_11_4,12,1.5,-0.005,False
300,virtsim_17_0,virtsim_90_4,11,1.38,-0.065,False
301,virtsim_17_0,virtsim_49_4,15,1.88,0.185,False
302,virtsim_17_0,virtsim_27_2,14,1.75,0.12,False
303,virtsim_17_0,virtsim_86_4,11,1.38,-0.065,False
304,virtsim_17_0,virtsim_41_2,12,1.5,-0.005,False
305,virtsim_17_0,virtsim_5_1,12,1.5,-0.005,False
306,virtsim_17_0,virtsim_5_3,12,1.5,-0.005,False
307,virtsim_17_0,virtsim_27_4,13,1.63,0.06,False
308,virtsim_17_0,virtsim_27_1,13,1.63,0.06,False
309,virtsim_17_0,virtsim_95_1,12,1.5,-0.005,False
310,virtsim_17_0,virtsim_43_2,13,1.63,0.06,False
311,virtsim_17_0,virtsim_2_3,12,1.5,-0.005,False
312,virtsim_17_0,virtsim_93_4,11,1.38,-0.065,False
313,virtsim_17_0,virtsim_68_3,14,1.75,0.12,False
314,virtsim_17_0,virtsim_68_4,14,1.75,0.12,False
315,virtsim_17_0,virtsim_93_3,12,1.5,-0.005,False
316,virtsim_17_0,virtsim_16_2,9,1.13,-0.19,False
317,virtsim_17_0,virtsim_12_4,13,1.63,0.06,False
318,virtsim_17_0,virtsim_50_2,14,1.75,0.12,False
319,virtsim_17_0,virtsim_89_1,12,1.5,-0.005,False
320,virtsim_17_0,virtsim_89_2,12,1.5,-0.005,False
321,virtsim_17_0,virtsim_89_4,11,1.38,-0.065,False
322,virtsim_17_0,virtsim_99_2,12,1.5,-0.005,False
323,virtsim_17_0,virtsim_99_3,11,1.38,-0.065,False
324,virtsim_17_0,virtsim_56_1,11,1.38,-0.065,False
325,virtsim_17_0,virtsim_56_3,12,1.5,-0.005,False
326,virtsim_17_0,virtsim_80_3,10,1.25,-0.13,False
327,virtsim_17_0,virtsim_80_4,11,1.38,-0.065,False
328,virtsim_17_0,virtsim_45_3,12,1.5,-0.005,False
329,virtsim_17_0,virtsim_60_3,13,1.63,0.06,False
330,virtsim_17_0,virtsim_82_3,12,1.5,-0.005,False
331,virtsim_17_0,virtsim_13_3,13,1.63,0.06,False
332,virtsim_17_0,virtsim_8_1,15,1.88,0.185,False
333,virtsim_17_0,virtsim_8_3,15,1.88,0.185,False
334,virtsim_17_0,virtsim_8_2,15,1.88,0.185,False
335,virtsim_17_0,virtsim_6_2,13,1.63,0.06,False
336,virtsim_17_0,virtsim_46_4,13,1.63,0.06,False
337,virtsim_17_0,virtsim_31_4,12,1.5,-0.005,False
338,virtsim_17_0,virtsim_46_3,13,1.63,0.06,False
339,virtsim_17_0,virtsim_40_1,13,1.63,0.06,False
340,virtsim_17_0,virtsim_40_2,12,1.5,-0.005,False
341,virtsim_17_0,virtsim_4_2,13,1.63,0.06,False
342,virtsim_17_0,virtsim_52_1,13,1.63,0.06,False
343,virtsim_17_0,virtsim_2_4,13,1.63,0.06,False
344,virtsim_17_0,virtsim_42_4,12,1.5,-0.005,False
345,virtsim_17_0,virtsim_39_1,12,1.5,-0.005,False
346,virtsim_17_0,virtsim_39_2,13,1.63,0.06,False
347,virtsim_17_0,virtsim_23_2,14,1.75,0.12,False
348,virtsim_17_0,virtsim_70_1,12,1.5,-0.005,False
349,virtsim_17_0,virtsim_81_2,11,1.38,-0.065,False
350,virtsim_17_0,virtsim_21_3,12,1.5,-0.005,False
351,virtsim_17_0,virtsim_21_1,12,1.5,-0.005,False
352,virtsim_17_0,virtsim_83_4,11,1.38,-0.065,False
353,virtsim_17_0,virtsim_85_2,12,1.5,-0.005,False
354,virtsim_29_0,virtsim_62_1,10,1.25,-0.13,False
355,virtsim_29_0,virtsim_73_3,11,1.38,-0.065,False
356,virtsim_29_0,virtsim_74_2,13,1.63,0.06,False
357,virtsim_29_0,virtsim_74_4,13,1.63,0.06,False
358,virtsim_29_0,virtsim_92_1,12,1.5,-0.005,False
359,virtsim_29_0,virtsim_38_2,12,1.5,-0.005,False
360,virtsim_29_0,virtsim_38_4,12,1.5,-0.005,False
361,virtsim_29_0,virtsim_24_2,8,1.0,-0.255,False
362,virtsim_29_0,virtsim_24_3,9,1.13,-0.19,False
363,virtsim_29_0,virtsim_26_3,11,1.38,-0.065,False
364,virtsim_29_0,virtsim_77_3,12,1.5,-0.005,False
365,virtsim_29_0,virtsim_24_4,9,1.13,-0.19,False
366,virtsim_29_0,virtsim_79_1,12,1.5,-0.005,False
367,virtsim_29_0,virtsim_79_3,11,1.38,-0.065,False
368,virtsim_29_0,virtsim_34_4,12,1.5,-0.005,False
369,virtsim_29_0,virtsim_34_1,11,1.38,-0.065,False
370,virtsim_29_0,virtsim_65_4,13,1.63,0.06,False
371,virtsim_29_0,virtsim_65_2,13,1.63,0.06,False
372,virtsim_29_0,virtsim_37_1,11,1.38,-0.065,False
373,virtsim_29_0,virtsim_16_4,12,1.5,-0.005,False
374,virtsim_29_0,virtsim_37_4,11,1.38,-0.065,False
375,virtsim_29_0,virtsim_96_3,12,1.5,-0.005,False
376,virtsim_29_0,virtsim_96_4,11,1.38,-0.065,False
377,virtsim_29_0,virtsim_28_4,10,1.25,-0.13,False
378,virtsim_29_0,virtsim_14_2,13,1.63,0.06,False
379,virtsim_29_0,virtsim_28_1,10,1.25,-0.13,False
380,virtsim_29_0,virtsim_94_1,12,1.5,-0.005,False
381,virtsim_29_0,virtsim_73_2,12,1.5,-0.005,False
382,virtsim_29_0,virtsim_69_2,13,1.63,0.06,False
383,virtsim_29_0,virtsim_69_1,13,1.63,0.06,False
384,virtsim_29_0,virtsim_92_2,13,1.63,0.06,False
385,virtsim_29_0,virtsim_1_1,13,1.63,0.06,False
386,virtsim_29_0,virtsim_1_2,14,1.75,0.12,False
387,virtsim_29_0,virtsim_75_3,13,1.63,0.06,False
388,virtsim_29_0,virtsim_1_4,14,1.75,0.12,False
389,virtsim_29_0,virtsim_25_3,14,1.75,0.12,False
390,virtsim_29_0,virtsim_25_1,14,1.75,0.12,False
391,virtsim_29_0,virtsim_53_4,14,1.75,0.12,False
392,virtsim_29_0,virtsim_60_4,12,1.5,-0.005,False
393,virtsim_29_0,virtsim_54_4,11,1.38,-0.065,False
394,virtsim_29_0,virtsim_59_1,12,1.5,-0.005,False
395,virtsim_29_0,virtsim_98_2,13,1.63,0.06,False
396,virtsim_29_0,virtsim_88_4,13,1.63,0.06,False
397,virtsim_29_0,virtsim_78_3,13,1.63,0.06,False
398,virtsim_29_0,virtsim_45_2,13,1.63,0.06,False
399,virtsim_29_0,virtsim_57_3,13,1.63,0.06,False
400,virtsim_29_0,virtsim_61_2,13,1.63,0.06,False
401,virtsim_29_0,virtsim_12_2,13,1.63,0.06,False
402,virtsim_29_0,virtsim_35_2,12,1.5,-0.005,False
403,virtsim_29_0,virtsim_55_3,12,1.5,-0.005,False
404,virtsim_29_0,virtsim_18_1,11,1.38,-0.065,False
405,virtsim_29_0,virtsim_55_1,12,1.5,-0.005,False
406,virtsim_29_0,virtsim_84_4,11,1.38,-0.065,False
407,virtsim_29_0,virtsim_84_1,11,1.38,-0.065,False
408,virtsim_29_0,virtsim_44_1,11,1.38,-0.065,False
409,virtsim_29_0,virtsim_90_3,11,1.38,-0.065,False
410,virtsim_29_0,virtsim_47_3,12,1.5,-0.005,False
411,virtsim_29_0,virtsim_11_4,11,1.38,-0.065,False
412,virtsim_29_0,virtsim_90_4,11,1.38,-0.065,False
413,virtsim_29_0,virtsim_49_4,14,1.75,0.12,False
414,virtsim_29_0,virtsim_27_2,11,1.38,-0.065,False
415,virtsim_29_0,virtsim_86_4,13,1.63,0.06,False
416,virtsim_29_0,virtsim_41_2,11,1.38,-0.065,False
417,virtsim_29_0,virtsim_5_1,10,1.25,-0.13,False
418,virtsim_29_0,virtsim_5_3,10,1.25,-0.13,False
419,virtsim_29_0,virtsim_27_4,11,1.38,-0.065,False
420,virtsim_29_0,virtsim_27_1,11,1.38,-0.065,False
421,virtsim_29_0,virtsim_95_1,11,1.38,-0.065,False
422,virtsim_29_0,virtsim_43_2,10,1.25,-0.13,False
423,virtsim_29_0,virtsim_2_3,11,1.38,-0.065,False
424,virtsim_29_0,virtsim_93_4,15,1.88,0.185,False
425,virtsim_29_0,virtsim_68_3,11,1.38,-0.065,False
426,virtsim_29_0,virtsim_68_4,11,1.38,-0.065,False
427,virtsim_29_0,virtsim_93_3,15,1.88,0.185,False
428,virtsim_29_0,virtsim_16_2,12,1.5,-0.005,False
429,virtsim_29_0,virtsim_12_4,13,1.63,0.06,False
430,virtsim_29_0,virtsim_50_2,12,1.5,-0.005,False
431,virtsim_29_0,virtsim_89_1,12,1.5,-0.005,False
432,virtsim_29_0,virtsim_89_2,12,1.5,-0.005,False
433,virtsim_29_0,virtsim_89_4,12,1.5,-0.005,False
434,virtsim_29_0,virtsim_99_2,11,1.38,-0.065,False
435,virtsim_29_0,virtsim_99_3,10,1.25,-0.13,False
436,virtsim_29_0,virtsim_56_1,10,1.25,-0.13,False
437,virtsim_29_0,virtsim_56_3,10,1.25,-0.13,False
438,virtsim_29_0,virtsim_80_3,13,1.63,0.06,False
439,virtsim_29_0,virtsim_80_4,12,1.5,-0.005,False
440,virtsim_29_0,virtsim_45_3,13,1.63,0.06,False
441,virtsim_29_0,virtsim_60_3,12,1.5,-0.005,False
442,virtsim_29_0,virtsim_82_3,12,1.5,-0.005,False
443,virtsim_29_0,virtsim_13_3,7,0.88,-0.315,False
444,virtsim_29_0,virtsim_8_1,9,1.13,-0.19,False
445,virtsim_29_0,virtsim_8_3,10,1.25,-0.13,False
446,virtsim_29_0,virtsim_8_2,10,1.25,-0.13,False
447,virtsim_29_0,virtsim_6_2,14,1.75,0.12,False
448,virtsim_29_0,virtsim_46_4,14,1.75,0.12,False
449,virtsim_29_0,virtsim_31_4,12,1.5,-0.005,False
450,virtsim_29_0,virtsim_46_3,14,1.75,0.12,False
451,virtsim_29_0,virtsim_40_1,13,1.63,0.06,False
452,virtsim_29_0,virtsim_40_2,12,1.5,-0.005,False
453,virtsim_29_0,virtsim_4_2,10,1.25,-0.13,False
454,virtsim_29_0,virtsim_52_1,10,1.25,-0.13,False
455,virtsim_29_0,virtsim_2_4,12,1.5,-0.005,False
456,virtsim_29_0,virtsim_42_4,14,1.75,0.12,False
457,virtsim_29_0,virtsim_39_1,15,1.88,0.185,False
458,virtsim_29_0,virtsim_39_2,14,1.75,0.12,False
459,virtsim_29_0,virtsim_23_2,13,1.63,0.06,False
460,virtsim_29_0,virtsim_70_1,14,1.75,0.12,False
461,virtsim_29_0,virtsim_81_2,10,1.25,-0.13,False
462,virtsim_29_0,virtsim_21_3,10,1.25,-0.13,False
463,virtsim_29_0,virtsim_21_1,10,1.25,-0.13,False
464,virtsim_29_0,virtsim_83_4,13,1.63,0.06,False
465,virtsim_29_0,virtsim_85_2,12,1.5,-0.005,False
466,virtsim_62_0,virtsim_62_1,3,0.38,-0.565,True
467,virtsim_62_0,virtsim_73_3,11,1.38,-0.065,False
468,virtsim_62_0,virtsim_74_2,14,1.75,0.12,False
469,virtsim_62_0,virtsim_74_4,14,1.75,0.12,False
470,virtsim_62_0,virtsim_92_1,10,1.25,-0.13,False
471,virtsim_62_0,virtsim_38_2,12,1.5,-0.005,False
472,virtsim_62_0,virtsim_38_4,10,1.25,-0.13,False
473,virtsim_62_0,virtsim_24_2,12,1.5,-0.005,False
474,virtsim_62_0,virtsim_24_3,13,1.63,0.06,False
475,virtsim_62_0,virtsim_26_3,13,1.63,0.06,False
476,virtsim_62_0,virtsim_77_3,12,1.5,-0.005,False
477,virtsim_62_0,virtsim_24_4,12,1.5,-0.005,False
478,virtsim_62_0,virtsim_79_1,10,1.25,-0.13,False
479,virtsim_62_0,virtsim_79_3,10,1.25,-0.13,False
480,virtsim_62_0,virtsim_34_4,11,1.38,-0.065,False
481,virtsim_62_0,virtsim_34_1,10,1.25,-0.13,False
482,virtsim_62_0,virtsim_65_4,12,1.5,-0.005,False
483,virtsim_62_0,virtsim_65_2,12,1.5,-0.005,False
484,virtsim_62_0,virtsim_37_1,12,1.5,-0.005,False
485,virtsim_62_0,virtsim_16_4,11,1.38,-0.065,False
486,virtsim_62_0,virtsim_37_4,12,1.5,-0.005,False
487,virtsim_62_0,virtsim_96_3,11,1.38,-0.065,False
488,virtsim_62_0,virtsim_96_4,11,1.38,-0.065,False
489,virtsim_62_0,virtsim_28_4,13,1.63,0.06,False
490,virtsim_62_0,virtsim_14_2,13,1.63,0.06,False
491,virtsim_62_0,virtsim_28_1,13,1.63,0.06,False
492,virtsim_62_0,virtsim_94_1,14,1.75,0.12,False
493,virtsim_62_0,virtsim_73_2,9,1.13,-0.19,False
494,virtsim_62_0,virtsim_69_2,10,1.25,-0.13,False
495,virtsim_62_0,virtsim_69_1,9,1.13,-0.19,False
496,virtsim_62_0,virtsim_92_2,12,1.5,-0.005,False
497,virtsim_62_0,virtsim_1_1,15,1.88,0.185,False
498,virtsim_62_0,virtsim_1_2,15,1.88,0.185,False
499,virtsim_62_0,virtsim_75_3,12,1.5,-0.005,False
500,virtsim_62_0,virtsim_1_4,16,2.0,0.245,False
501,virtsim_62_0,virtsim_25_3,10,1.25,-0.13,False
502,virtsim_62_0,virtsim_25_1,10,1.25,-0.13,False
503,virtsim_62_0,virtsim_53_4,11,1.38,-0.065,False
504,virtsim_62_0,virtsim_60_4,14,1.75,0.12,False
505,virtsim_62_0,virtsim_54_4,10,1.25,-0.13,False
506,virtsim_62_0,virtsim_59_1,12,1.5,-0.005,False
507,virtsim_62_0,virtsim_98_2,13,1.63,0.06,False
508,virtsim_62_0,virtsim_88_4,11,1.38,-0.065,False
509,virtsim_62_0,virtsim_78_3,12,1.5,-0.005,False
510,virtsim_62_0,virtsim_45_2,13,1.63,0.06,False
511,virtsim_62_0,virtsim_57_3,11,1.38,-0.065,False
512,virtsim_62_0,virtsim_61_2,11,1.38,-0.065,False
513,virtsim_62_0,virtsim_12_2,12,1.5,-0.005,False
514,virtsim_62_0,virtsim_35_2,12,1.5,-0.005,False
515,virtsim_62_0,virtsim_55_3,12,1.5,-0.005,False
516,virtsim_62_0,virtsim_18_1,14,1.75,0.12,False
517,virtsim_62_0,virtsim_55_1,13,1.63,0.06,False
518,virtsim_62_0,virtsim_84_4,11,1.38,-0.065,False
519,virtsim_62_0,virtsim_84_1,11,1.38,-0.065,False
520,virtsim_62_0,virtsim_44_1,10,1.25,-0.13,False
521,virtsim_62_0,virtsim_90_3,10,1.25,-0.13,False
522,virtsim_62_0,virtsim_47_3,12,1.5,-0.005,False
523,virtsim_62_0,virtsim_11_4,10,1.25,-0.13,False
524,virtsim_62_0,virtsim_90_4,12,1.5,-0.005,False
525,virtsim_62_0,virtsim_49_4,13,1.63,0.06,False
526,virtsim_62_0,virtsim_27_2,11,1.38,-0.065,False
527,virtsim_62_0,virtsim_86_4,11,1.38,-0.065,False
528,virtsim_62_0,virtsim_41_2,12,1.5,-0.005,False
529,virtsim_62_0,virtsim_5_1,11,1.38,-0.065,False
530,virtsim_62_0,virtsim_5_3,11,1.38,-0.065,False
531,virtsim_62_0,virtsim_27_4,11,1.38,-0.065,False
532,virtsim_62_0,virtsim_27_1,10,1.25,-0.13,False
533,virtsim_62_0,virtsim_95_1,12,1.5,-0.005,False
534,virtsim_62_0,virtsim_43_2,9,1.13,-0.19,False
535,virtsim_62_0,virtsim_2_3,15,1.88,0.185,False
536,virtsim_62_0,virtsim_93_4,12,1.5,-0.005,False
537,virtsim_62_0,virtsim_68_3,13,1.63,0.06,False
538,virtsim_62_0,virtsim_68_4,10,1.25,-0.13,False
539,virtsim_62_0,virtsim_93_3,11,1.38,-0.065,False
540,virtsim_62_0,virtsim_16_2,11,1.38,-0.065,False
541,virtsim_62_0,virtsim_12_4,12,1.5,-0.005,False
542,virtsim_62_0,virtsim_50_2,11,1.38,-0.065,False
543,virtsim_62_0,virtsim_89_1,12,1.5,-0.005,False
544,virtsim_62_0,virtsim_89_2,11,1.38,-0.065,False
545,virtsim_62_0,virtsim_89_4,10,1.25,-0.13,False
546,virtsim_62_0,virtsim_99_2,10,1.25,-0.13,False
547,virtsim_62_0,virtsim_99_3,12,1.5,-0.005,False
548,virtsim_62_0,virtsim_56_1,11,1.38,-0.065,False
549,virtsim_62_0,virtsim_56_3,9,1.13,-0.19,False
550,virtsim_62_0,virtsim_80_3,15,1.88,0.185,False
551,virtsim_62_0,virtsim_80_4,15,1.88,0.185,False
552,virtsim_62_0,virtsim_45_3,12,1.5,-0.005,False
553,virtsim_62_0,virtsim_60_3,14,1.75,0.12,False
554,virtsim_62_0,virtsim_82_3,12,1.5,-0.005,False
555,virtsim_62_0,virtsim_13_3,12,1.5,-0.005,False
556,virtsim_62_0,virtsim_8_1,14,1.75,0.12,False
557,virtsim_62_0,virtsim_8_3,13,1.63,0.06,False
558,virtsim_62_0,virtsim_8_2,13,1.63,0.06,False
559,virtsim_62_0,virtsim_6_2,12,1.5,-0.005,False
560,virtsim_62_0,virtsim_46_4,13,1.63,0.06,False
561,virtsim_62_0,virtsim_31_4,11,1.38,-0.065,False
562,virtsim_62_0,virtsim_46_3,13,1.63,0.06,False
563,virtsim_62_0,virtsim_40_1,11,1.38,-0.065,False
564,virtsim_62_0,virtsim_40_2,10,1.25,-0.13,False
565,virtsim_62_0,virtsim_4_2,11,1.38,-0.065,False
566,virtsim_62_0,virtsim_52_1,14,1.75,0.12,False
567,virtsim_62_0,virtsim_2_4,13,1.63,0.06,False
568,virtsim_62_0,virtsim_42_4,11,1.38,-0.065,False
569,virtsim_62_0,virtsim_39_1,13,1.63,0.06,False
570,virtsim_62_0,virtsim_39_2,14,1.75,0.12,False
571,virtsim_62_0,virtsim_23_2,15,1.88,0.185,False
572,virtsim_62_0,virtsim_70_1,12,1.5,-0.005,False
573,virtsim_62_0,virtsim_81_2,8,1.0,-0.255,False
574,virtsim_62_0,virtsim_21_3,13,1.63,0.06,False
575,virtsim_62_0,virtsim_21_1,13,1.63,0.06,False
576,virtsim_62_0,virtsim_83_4,12,1.5,-0.005,False
577,virtsim_62_0,virtsim_85_2,11,1.38,-0.065,False
578,virtsim_11_0,virtsim_38_2,12,1.5,-0.005,False
579,virtsim_11_0,virtsim_38_4,11,1.38,-0.065,False
580,virtsim_11_0,virtsim_24_2,10,1.25,-0.13,False
581,virtsim_11_0,virtsim_24_3,11,1.38,-0.065,False
582,virtsim_11_0,virtsim_26_3,11,1.38,-0.065,False
583,virtsim_11_0,virtsim_77_3,11,1.38,-0.065,False
584,virtsim_11_0,virtsim_24_4,12,1.5,-0.005,False
585,virtsim_11_0,virtsim_79_1,8,1.0,-0.255,False
586,virtsim_11_0,virtsim_79_3,8,1.0,-0.255,False
587,virtsim_11_0,virtsim_34_4,13,1.63,0.06,False
588,virtsim_11_0,virtsim_34_1,13,1.63,0.06,False
589,virtsim_11_0,virtsim_65_4,13,1.63,0.06,False
590,virtsim_11_0,virtsim_65_2,12,1.5,-0.005,False
591,virtsim_11_0,virtsim_37_1,12,1.5,-0.005,False
592,virtsim_11_0,virtsim_16_4,13,1.63,0.06,False
593,virtsim_11_0,virtsim_37_4,13,1.63,0.06,False
594,virtsim_11_0,virtsim_96_3,12,1.5,-0.005,False
595,virtsim_11_0,virtsim_96_4,12,1.5,-0.005,False
596,virtsim_11_0,virtsim_28_4,13,1.63,0.06,False
597,virtsim_11_0,virtsim_14_2,15,1.88,0.185,False
598,virtsim_11_0,virtsim_28_1,13,1.63,0.06,False
599,virtsim_11_0,virtsim_94_1,12,1.5,-0.005,False
600,virtsim_11_0,virtsim_73_2,11,1.38,-0.065,False
601,virtsim_11_0,virtsim_69_2,14,1.75,0.12,False
602,virtsim_11_0,virtsim_69_1,13,1.63,0.06,False
603,virtsim_11_0,virtsim_92_2,11,1.38,-0.065,False
604,virtsim_11_0,virtsim_1_1,13,1.63,0.06,False
605,virtsim_11_0,virtsim_1_2,13,1.63,0.06,False
606,virtsim_11_0,virtsim_75_3,12,1.5,-0.005,False
607,virtsim_11_0,virtsim_1_4,13,1.63,0.06,False
608,virtsim_11_0,virtsim_25_3,11,1.38,-0.065,False
609,virtsim_11_0,virtsim_25_1,11,1.38,-0.065,False
610,virtsim_11_0,virtsim_53_4,12,1.5,-0.005,False
611,virtsim_11_0,virtsim_60_4,16,2.0,0.245,False
612,virtsim_11_0,virtsim_54_4,12,1.5,-0.005,False
613,virtsim_11_0,virtsim_59_1,12,1.5,-0.005,False
614,virtsim_11_0,virtsim_98_2,14,1.75,0.12,False
615,virtsim_11_0,virtsim_88_4,9,1.13,-0.19,False
616,virtsim_11_0,virtsim_78_3,10,1.25,-0.13,False
617,virtsim_11_0,virtsim_45_2,12,1.5,-0.005,False
618,virtsim_11_0,virtsim_57_3,12,1.5,-0.005,False
619,virtsim_11_0,virtsim_61_2,11,1.38,-0.065,False
620,virtsim_11_0,virtsim_12_2,15,1.88,0.185,False
621,virtsim_11_0,virtsim_35_2,12,1.5,-0.005,False
622,virtsim_11_0,virtsim_55_3,12,1.5,-0.005,False
623,virtsim_11_0,virtsim_18_1,11,1.38,-0.065,False
624,virtsim_11_0,virtsim_55_1,12,1.5,-0.005,False
625,virtsim_11_0,virtsim_84_4,13,1.63,0.06,False
626,virtsim_11_0,virtsim_84_1,12,1.5,-0.005,False
627,virtsim_11_0,virtsim_44_1,12,1.5,-0.005,False
628,virtsim_11_0,virtsim_90_3,9,1.13,-0.19,False
629,virtsim_11_0,virtsim_47_3,12,1.5,-0.005,False
630,virtsim_11_0,virtsim_11_4,2,0.25,-0.63,True
631,virtsim_11_0,virtsim_90_4,11,1.38,-0.065,False
632,virtsim_11_0,virtsim_49_4,13,1.63,0.06,False
633,virtsim_11_0,virtsim_27_2,14,1.75,0.12,False
634,virtsim_11_0,virtsim_86_4,12,1.5,-0.005,False
635,virtsim_11_0,virtsim_41_2,13,1.63,0.06,False
636,virtsim_11_0,virtsim_5_1,13,1.63,0.06,False
637,virtsim_11_0,virtsim_5_3,13,1.63,0.06,False
638,virtsim_11_0,virtsim_27_4,14,1.75,0.12,False
639,virtsim_11_0,virtsim_27_1,14,1.75,0.12,False
640,virtsim_11_0,virtsim_95_1,12,1.5,-0.005,False
641,virtsim_11_0,virtsim_43_2,11,1.38,-0.065,False
642,virtsim_11_0,virtsim_2_3,13,1.63,0.06,False
643,virtsim_11_0,virtsim_93_4,12,1.5,-0.005,False
644,virtsim_11_0,virtsim_68_3,11,1.38,-0.065,False
645,virtsim_11_0,virtsim_68_4,11,1.38,-0.065,False
646,virtsim_11_0,virtsim_93_3,12,1.5,-0.005,False
647,virtsim_11_0,virtsim_16_2,13,1.63,0.06,False
648,virtsim_11_0,virtsim_12_4,15,1.88,0.185,False
649,virtsim_11_0,virtsim_50_2,15,1.88,0.185,False
650,virtsim_11_0,virtsim_89_1,10,1.25,-0.13,False
651,virtsim_11_0,virtsim_89_2,9,1.13,-0.19,False
652,virtsim_11_0,virtsim_89_4,10,1.25,-0.13,False
653,virtsim_11_0,virtsim_99_2,13,1.63,0.06,False
654,virtsim_11_0,virtsim_99_3,11,1.38,-0.065,False
655,virtsim_11_0,virtsim_56_1,7,0.88,-0.315,False
656,virtsim_11_0,virtsim_56_3,6,0.75,-0.38,False
657,virtsim_11_0,virtsim_80_3,14,1.75,0.12,False
658,virtsim_11_0,virtsim_80_4,14,1.75,0.12,False
659,virtsim_11_0,virtsim_45_3,12,1.5,-0.005,False
660,virtsim_11_0,virtsim_60_3,16,2.0,0.245,False
661,virtsim_11_0,virtsim_82_3,13,1.63,0.06,False
662,virtsim_11_0,virtsim_13_3,13,1.63,0.06,False
663,virtsim_11_0,virtsim_8_1,13,1.63,0.06,False
664,virtsim_11_0,virtsim_8_3,12,1.5,-0.005,False
665,virtsim_11_0,virtsim_8_2,12,1.5,-0.005,False
666,virtsim_11_0,virtsim_6_2,9,1.13,-0.19,False
667,virtsim_11_0,virtsim_46_4,10,1.25,-0.13,False
668,virtsim_11_0,virtsim_31_4,13,1.63,0.06,False
669,virtsim_11_0,virtsim_46_3,10,1.25,-0.13,False
670,virtsim_11_0,virtsim_40_1,10,1.25,-0.13,False
671,virtsim_11_0,virtsim_40_2,11,1.38,-0.065,False
672,virtsim_11_0,virtsim_4_2,12,1.5,-0.005,False
673,virtsim_11_0,virtsim_52_1,12,1.5,-0.005,False
674,virtsim_11_0,virtsim_2_4,12,1.5,-0.005,False
675,virtsim_11_0,virtsim_42_4,10,1.25,-0.13,False
676,virtsim_11_0,virtsim_39_1,11,1.38,-0.065,False
677,virtsim_11_0,virtsim_39_2,13,1.63,0.06,False
678,virtsim_11_0,virtsim_23_2,12,1.5,-0.005,False
679,virtsim_11_0,virtsim_70_1,13,1.63,0.06,False
680,virtsim_11_0,virtsim_81_2,10,1.25,-0.13,False
681,virtsim_11_0,virtsim_21_3,11,1.38,-0.065,False
682,virtsim_11_0,virtsim_21_1,11,1.38,-0.065,False
683,virtsim_11_0,virtsim_83_4,13,1.63,0.06,False
684,virtsim_11_0,virtsim_85_2,13,1.63,0.06,False
685,virtsim_75_0,virtsim_79_1,13,1.63,0.06,False
686,virtsim_75_0,virtsim_79_3,13,1.63,0.06,False
687,virtsim_75_0,virtsim_34_4,11,1.38,-0.065,False
688,virtsim_75_0,virtsim_34_1,11,1.38,-0.065,False
689,virtsim_75_0,virtsim_65_4,13,1.63,0.06,False
690,virtsim_75_0,virtsim_65_2,12,1.5,-0.005,False
691,virtsim_75_0,virtsim_37_1,12,1.5,-0.005,False
692,virtsim_75_0,virtsim_16_4,12,1.5,-0.005,False
693,virtsim_75_0,virtsim_37_4,12,1.5,-0.005,False
694,virtsim_75_0,virtsim_96_3,14,1.75,0.12,False
695,virtsim_75_0,virtsim_96_4,15,1.88,0.185,False
696,virtsim_75_0,virtsim_28_4,11,1.38,-0.065,False
697,virtsim_75_0,virtsim_14_2,14,1.75,0.12,False
698,virtsim_75_0,virtsim_28_1,11,1.38,-0.065,False
699,virtsim_75_0,virtsim_94_1,12,1.5,-0.005,False
700,virtsim_75_0,virtsim_73_2,13,1.63,0.06,False
701,virtsim_75_0,virtsim_69_2,12,1.5,-0.005,False
702,virtsim_75_0,virtsim_69_1,12,1.5,-0.005,False
703,virtsim_75_0,virtsim_92_2,12,1.5,-0.005,False
704,virtsim_75_0,virtsim_1_1,13,1.63,0.06,False
705,virtsim_75_0,virtsim_1_2,14,1.75,0.12,False
706,virtsim_75_0,virtsim_75_3,0,0.0,-0.755,True
707,virtsim_75_0,virtsim_1_4,13,1.63,0.06,False
708,virtsim_75_0,virtsim_25_3,11,1.38,-0.065,False
709,virtsim_75_0,virtsim_25_1,11,1.38,-0.065,False
710,virtsim_75_0,virtsim_53_4,11,1.38,-0.065,False
711,virtsim_75_0,virtsim_60_4,15,1.88,0.185,False
712,virtsim_75_0,virtsim_54_4,11,1.38,-0.065,False
713,virtsim_75_0,virtsim_59_1,12,1.5,-0.005,False
714,virtsim_75_0,virtsim_98_2,11,1.38,-0.065,False
715,virtsim_75_0,virtsim_88_4,12,1.5,-0.005,False
716,virtsim_75_0,virtsim_78_3,14,1.75,0.12,False
717,virtsim_75_0,virtsim_45_2,13,1.63,0.06,False
718,virtsim_75_0,virtsim_57_3,13,1.63,0.06,False
719,virtsim_75_0,virtsim_61_2,11,1.38,-0.065,False
720,virtsim_75_0,virtsim_12_2,11,1.38,-0.065,False
721,virtsim_75_0,virtsim_35_2,13,1.63,0.06,False
722,virtsim_75_0,virtsim_55_3,14,1.75,0.12,False
723,virtsim_75_0,virtsim_18_1,13,1.63,0.06,False
724,virtsim_75_0,virtsim_55_1,14,1.75,0.12,False
725,virtsim_75_0,virtsim_84_4,12,1.5,-0.005,False
726,virtsim_75_0,virtsim_84_1,12,1.5,-0.005,False
727,virtsim_75_0,virtsim_44_1,12,1.5,-0.005,False
728,virtsim_75_0,virtsim_90_3,13,1.63,0.06,False
729,virtsim_75_0,virtsim_47_3,13,1.63,0.06,False
730,virtsim_75_0,virtsim_11_4,12,1.5,-0.005,False
731,virtsim_75_0,virtsim_90_4,14,1.75,0.12,False
732,virtsim_75_0,virtsim_49_4,10,1.25,-0.13,False
733,virtsim_75_0,virtsim_27_2,11,1.38,-0.065,False
734,virtsim_75_0,virtsim_86_4,13,1.63,0.06,False
735,virtsim_75_0,virtsim_41_2,12,1.5,-0.005,False
736,virtsim_75_0,virtsim_5_1,12,1.5,-0.005,False
737,virtsim_75_0,virtsim_5_3,12,1.5,-0.005,False
738,virtsim_75_0,virtsim_27_4,11,1.38,-0.065,False
739,virtsim_75_0,virtsim_27_1,12,1.5,-0.005,False
740,virtsim_75_0,virtsim_95_1,13,1.63,0.06,False
741,virtsim_75_0,virtsim_43_2,13,1.63,0.06,False
742,virtsim_75_0,virtsim_2_3,13,1.63,0.06,False
743,virtsim_75_0,virtsim_93_4,11,1.38,-0.065,False
744,virtsim_75_0,virtsim_68_3,14,1.75,0.12,False
745,virtsim_75_0,virtsim_68_4,14,1.75,0.12,False
746,virtsim_75_0,virtsim_93_3,12,1.5,-0.005,False
747,virtsim_75_0,virtsim_16_2,12,1.5,-0.005,False
748,virtsim_75_0,virtsim_12_4,11,1.38,-0.065,False
749,virtsim_75_0,virtsim_50_2,13,1.63,0.06,False
750,virtsim_75_0,virtsim_89_1,13,1.63,0.06,False
751,virtsim_75_0,virtsim_89_2,13,1.63,0.06,False
752,virtsim_75_0,virtsim_89_4,12,1.5,-0.005,False
753,virtsim_75_0,virtsim_99_2,13,1.63,0.06,False
754,virtsim_75_0,virtsim_99_3,13,1.63,0.06,False
755,virtsim_75_0,virtsim_56_1,10,1.25,-0.13,False
756,virtsim_75_0,virtsim_56_3,11,1.38,-0.065,False
757,virtsim_75_0,virtsim_80_3,9,1.13,-0.19,False
758,virtsim_75_0,virtsim_80_4,9,1.13,-0.19,False
759,virtsim_75_0,virtsim_45_3,14,1.75,0.12,False
760,virtsim_75_0,virtsim_60_3,14,1.75,0.12,False
761,virtsim_75_0,virtsim_82_3,12,1.5,-0.005,False
762,virtsim_75_0,virtsim_13_3,14,1.75,0.12,False
763,virtsim_75_0,virtsim_8_1,15,1.88,0.185,False
764,virtsim_75_0,virtsim_8_3,15,1.88,0.185,False
765,virtsim_75_0,virtsim_8_2,15,1.88,0.185,False
766,virtsim_75_0,virtsim_6_2,12,1.5,-0.005,False
767,virtsim_75_0,virtsim_46_4,14,1.75,0.12,False
768,virtsim_75_0,virtsim_31_4,14,1.75,0.12,False
769,virtsim_75_0,virtsim_46_3,14,1.75,0.12,False
770,virtsim_75_0,virtsim_40_1,10,1.25,-0.13,False
771,virtsim_75_0,virtsim_40_2,10,1.25,-0.13,False
772,virtsim_75_0,virtsim_4_2,12,1.5,-0.005,False
773,virtsim_75_0,virtsim_52_1,13,1.63,0.06,False
774,virtsim_75_0,virtsim_2_4,12,1.5,-0.005,False
775,virtsim_75_0,virtsim_42_4,10,1.25,-0.13,False
776,virtsim_75_0,virtsim_39_1,11,1.38,-0.065,False
777,virtsim_75_0,virtsim_39_2,12,1.5,-0.005,False
778,virtsim_75_0,virtsim_23_2,11,1.38,-0.065,False
779,virtsim_75_0,virtsim_70_1,9,1.13,-0.19,False
780,virtsim_75_0,virtsim_81_2,12,1.5,-0.005,False
781,virtsim_75_0,virtsim_21_3,10,1.25,-0.13,False
782,virtsim_75_0,virtsim_21_1,10,1.25,-0.13,False
783,virtsim_75_0,virtsim_83_4,14,1.75,0.12,False
784,virtsim_75_0,virtsim_85_2,12,1.5,-0.005,False
785,virtsim_65_0,virtsim_37_1,13,1.63,0.06,False
786,virtsim_65_0,virtsim_16_4,9,1.13,-0.19,False
787,virtsim_65_0,virtsim_37_4,14,1.75,0.12,False
788,virtsim_65_0,virtsim_96_3,12,1.5,-0.005,False
789,virtsim_65_0,virtsim_96_4,13,1.63,0.06,False
790,virtsim_65_0,virtsim_28_4,15,1.88,0.185,False
791,virtsim_65_0,virtsim_14_2,10,1.25,-0.13,False
792,virtsim_65_0,virtsim_28_1,15,1.88,0.185,False
793,virtsim_65_0,virtsim_94_1,14,1.75,0.12,False
794,virtsim_65_0,virtsim_73_2,12,1.5,-0.005,False
795,virtsim_65_0,virtsim_69_2,12,1.5,-0.005,False
796,virtsim_65_0,virtsim_69_1,12,1.5,-0.005,False
797,virtsim_65_0,virtsim_92_2,11,1.38,-0.065,False
798,virtsim_65_0,virtsim_1_1,15,1.88,0.185,False
799,virtsim_65_0,virtsim_1_2,15,1.88,0.185,False
800,virtsim_65_0,virtsim_75_3,12,1.5,-0.005,False
801,virtsim_65_0,virtsim_1_4,15,1.88,0.185,False
802,virtsim_65_0,virtsim_25_3,12,1.5,-0.005,False
803,virtsim_65_0,virtsim_25_1,12,1.5,-0.005,False
804,virtsim_65_0,virtsim_53_4,13,1.63,0.06,False
805,virtsim_65_0,virtsim_60_4,13,1.63,0.06,False
806,virtsim_65_0,virtsim_54_4,13,1.63,0.06,False
807,virtsim_65_0,virtsim_59_1,13,1.63,0.06,False
808,virtsim_65_0,virtsim_98_2,11,1.38,-0.065,False
809,virtsim_65_0,virtsim_88_4,14,1.75,0.12,False
810,virtsim_65_0,virtsim_78_3,15,1.88,0.185,False
811,virtsim_65_0,virtsim_45_2,14,1.75,0.12,False
812,virtsim_65_0,virtsim_57_3,12,1.5,-0.005,False
813,virtsim_65_0,virtsim_61_2,11,1.38,-0.065,False
814,virtsim_65_0,virtsim_12_2,12,1.5,-0.005,False
815,virtsim_65_0,virtsim_35_2,13,1.63,0.06,False
816,virtsim_65_0,virtsim_55_3,9,1.13,-0.19,False
817,virtsim_65_0,virtsim_18_1,13,1.63,0.06,False
818,virtsim_65_0,virtsim_55_1,10,1.25,-0.13,False
819,virtsim_65_0,virtsim_84_4,12,1.5,-0.005,False
820,virtsim_65_0,virtsim_84_1,12,1.5,-0.005,False
821,virtsim_65_0,virtsim_44_1,13,1.63,0.06,False
822,virtsim_65_0,virtsim_90_3,13,1.63,0.06,False
823,virtsim_65_0,virtsim_47_3,11,1.38,-0.065,False
824,virtsim_65_0,virtsim_11_4,11,1.38,-0.065,False
825,virtsim_65_0,virtsim_90_4,12,1.5,-0.005,False
826,virtsim_65_0,virtsim_49_4,12,1.5,-0.005,False
827,virtsim_65_0,virtsim_27_2,12,1.5,-0.005,False
828,virtsim_65_0,virtsim_86_4,13,1.63,0.06,False
829,virtsim_65_0,virtsim_41_2,15,1.88,0.185,False
830,virtsim_65_0,virtsim_5_1,12,1.5,-0.005,False
831,virtsim_65_0,virtsim_5_3,12,1.5,-0.005,False
832,virtsim_65_0,virtsim_27_4,11,1.38,-0.065,False
833,virtsim_65_0,virtsim_27_1,11,1.38,-0.065,False
834,virtsim_65_0,virtsim_95_1,12,1.5,-0.005,False
835,virtsim_65_0,virtsim_43_2,13,1.63,0.06,False
836,virtsim_65_0,virtsim_2_3,11,1.38,-0.065,False
837,virtsim_65_0,virtsim_93_4,14,1.75,0.12,False
838,virtsim_65_0,virtsim_68_3,13,1.63,0.06,False
839,virtsim_65_0,virtsim_68_4,13,1.63,0.06,False
840,virtsim_65_0,virtsim_93_3,13,1.63,0.06,False
841,virtsim_65_0,virtsim_16_2,9,1.13,-0.19,False
842,virtsim_65_0,virtsim_12_4,12,1.5,-0.005,False
843,virtsim_65_0,virtsim_50_2,10,1.25,-0.13,False
844,virtsim_65_0,virtsim_89_1,13,1.63,0.06,False
845,virtsim_65_0,virtsim_89_2,14,1.75,0.12,False
846,virtsim_65_0,virtsim_89_4,12,1.5,-0.005,False
847,virtsim_65_0,virtsim_99_2,14,1.75,0.12,False
848,virtsim_65_0,virtsim_99_3,12,1.5,-0.005,False
849,virtsim_65_0,virtsim_56_1,13,1.63,0.06,False
850,virtsim_65_0,virtsim_56_3,13,1.63,0.06,False
851,virtsim_65_0,virtsim_80_3,12,1.5,-0.005,False
852,virtsim_65_0,virtsim_80_4,11,1.38,-0.065,False
853,virtsim_65_0,virtsim_45_3,15,1.88,0.185,False
854,virtsim_65_0,virtsim_60_3,13,1.63,0.06,False
855,virtsim_65_0,virtsim_82_3,9,1.13,-0.19,False
856,virtsim_65_0,virtsim_13_3,14,1.75,0.12,False
857,virtsim_65_0,virtsim_8_1,12,1.5,-0.005,False
858,virtsim_65_0,virtsim_8_3,12,1.5,-0.005,False
859,virtsim_65_0,virtsim_8_2,12,1.5,-0.005,False
860,virtsim_65_0,virtsim_6_2,10,1.25,-0.13,False
861,virtsim_65_0,virtsim_46_4,11,1.38,-0.065,False
862,virtsim_65_0,virtsim_31_4,11,1.38,-0.065,False
863,virtsim_65_0,virtsim_46_3,12,1.5,-0.005,False
864,virtsim_65_0,virtsim_40_1,14,1.75,0.12,False
865,virtsim_65_0,virtsim_40_2,15,1.88,0.185,False
866,virtsim_65_0,virtsim_4_2,10,1.25,-0.13,False
867,virtsim_65_0,virtsim_52_1,13,1.63,0.06,False
868,virtsim_65_0,virtsim_2_4,11,1.38,-0.065,False
869,virtsim_65_0,virtsim_42_4,12,1.5,-0.005,False
870,virtsim_65_0,virtsim_39_1,11,1.38,-0.065,False
871,virtsim_65_0,virtsim_39_2,10,1.25,-0.13,False
872,virtsim_65_0,virtsim_23_2,15,1.88,0.185,False
873,virtsim_65_0,virtsim_70_1,12,1.5,-0.005,False
874,virtsim_65_0,virtsim_81_2,10,1.25,-0.13,False
875,virtsim_65_0,virtsim_21_3,14,1.75,0.12,False
876,virtsim_65_0,virtsim_21_1,14,1.75,0.12,False
877,virtsim_65_0,virtsim_83_4,10,1.25,-0.13,False
878,virtsim_65_0,virtsim_85_2,12,1.5,-0.005,False
879,virtsim_28_0,virtsim_28_1,1,0.13,-0.69,True
880,virtsim_28_0,virtsim_94_1,12,1.5,-0.005,False
881,virtsim_28_0,virtsim_73_2,15,1.88,0.185,False
882,virtsim_28_0,virtsim_69_2,11,1.38,-0.065,False
883,virtsim_28_0,virtsim_69_1,11,1.38,-0.065,False
884,virtsim_28_0,virtsim_92_2,11,1.38,-0.065,False
885,virtsim_28_0,virtsim_1_1,12,1.5,-0.005,False
886,virtsim_28_0,virtsim_1_2,13,1.63,0.06,False
887,virtsim_28_0,virtsim_75_3,11,1.38,-0.065,False
888,virtsim_28_0,virtsim_1_4,12,1.5,-0.005,False
889,virtsim_28_0,virtsim_25_3,9,1.13,-0.19,False
890,virtsim_28_0,virtsim_25_1,10,1.25,-0.13,False
891,virtsim_28_0,virtsim_53_4,13,1.63,0.06,False
892,virtsim_28_0,virtsim_60_4,13,1.63,0.06,False
893,virtsim_28_0,virtsim_54_4,11,1.38,-0.065,False
894,virtsim_28_0,virtsim_59_1,13,1.63,0.06,False
895,virtsim_28_0,virtsim_98_2,13,1.63,0.06,False
896,virtsim_28_0,virtsim_88_4,12,1.5,-0.005,False
897,virtsim_28_0,virtsim_78_3,10,1.25,-0.13,False
898,virtsim_28_0,virtsim_45_2,11,1.38,-0.065,False
899,virtsim_28_0,virtsim_57_3,11,1.38,-0.065,False
900,virtsim_28_0,virtsim_61_2,13,1.63,0.06,False
901,virtsim_28_0,virtsim_12_2,12,1.5,-0.005,False
902,virtsim_28_0,virtsim_35_2,14,1.75,0.12,False
903,virtsim_28_0,virtsim_55_3,14,1.75,0.12,False
904,virtsim_28_0,virtsim_18_1,14,1.75,0.12,False
905,virtsim_28_0,virtsim_55_1,13,1.63,0.06,False
906,virtsim_28_0,virtsim_84_4,12,1.5,-0.005,False
907,virtsim_28_0,virtsim_84_1,11,1.38,-0.065,False
908,virtsim_28_0,virtsim_44_1,13,1.63,0.06,False
909,virtsim_28_0,virtsim_90_3,14,1.75,0.12,False
910,virtsim_28_0,virtsim_47_3,12,1.5,-0.005,False
911,virtsim_28_0,virtsim_11_4,13,1.63,0.06,False
912,virtsim_28_0,virtsim_90_4,14,1.75,0.12,False
913,virtsim_28_0,virtsim_49_4,14,1.75,0.12,False
914,virtsim_28_0,virtsim_27_2,11,1.38,-0.065,False
915,virtsim_28_0,virtsim_86_4,11,1.38,-0.065,False
916,virtsim_28_0,virtsim_41_2,9,1.13,-0.19,False
917,virtsim_28_0,virtsim_5_1,11,1.38,-0.065,False
918,virtsim_28_0,virtsim_5_3,11,1.38,-0.065,False
919,virtsim_28_0,virtsim_27_4,11,1.38,-0.065,False
920,virtsim_28_0,virtsim_27_1,13,1.63,0.06,False
921,virtsim_28_0,virtsim_95_1,12,1.5,-0.005,False
922,virtsim_28_0,virtsim_43_2,11,1.38,-0.065,False
923,virtsim_28_0,virtsim_2_3,14,1.75,0.12,False
924,virtsim_28_0,virtsim_93_4,13,1.63,0.06,False
925,virtsim_28_0,virtsim_68_3,13,1.63,0.06,False
926,virtsim_28_0,virtsim_68_4,14,1.75,0.12,False
927,virtsim_28_0,virtsim_93_3,12,1.5,-0.005,False
928,virtsim_28_0,virtsim_16_2,13,1.63,0.06,False
929,virtsim_28_0,virtsim_12_4,12,1.5,-0.005,False
930,virtsim_28_0,virtsim_50_2,14,1.75,0.12,False
931,virtsim_28_0,virtsim_89_1,13,1.63,0.06,False
932,virtsim_28_0,virtsim_89_2,12,1.5,-0.005,False
933,virtsim_28_0,virtsim_89_4,12,1.5,-0.005,False
934,virtsim_28_0,virtsim_99_2,13,1.63,0.06,False
935,virtsim_28_0,virtsim_99_3,13,1.63,0.06,False
936,virtsim_28_0,virtsim_56_1,12,1.5,-0.005,False
937,virtsim_28_0,virtsim_56_3,11,1.38,-0.065,False
938,virtsim_28_0,virtsim_80_3,12,1.5,-0.005,False
939,virtsim_28_0,virtsim_80_4,11,1.38,-0.065,False
940,virtsim_28_0,virtsim_45_3,12,1.5,-0.005,False
941,virtsim_28_0,virtsim_60_3,12,1.5,-0.005,False
942,virtsim_28_0,virtsim_82_3,13,1.63,0.06,False
943,virtsim_28_0,virtsim_13_3,11,1.38,-0.065,False
944,virtsim_28_0,virtsim_8_1,11,1.38,-0.065,False
945,virtsim_28_0,virtsim_8_3,11,1.38,-0.065,False
946,virtsim_28_0,virtsim_8_2,11,1.38,-0.065,False
947,virtsim_28_0,virtsim_6_2,13,1.63,0.06,False
948,virtsim_28_0,virtsim_46_4,14,1.75,0.12,False
949,virtsim_28_0,virtsim_31_4,13,1.63,0.06,False
950,virtsim_28_0,virtsim_46_3,13,1.63,0.06,False
951,virtsim_28_0,virtsim_40_1,10,1.25,-0.13,False
952,virtsim_28_0,virtsim_40_2,10,1.25,-0.13,False
953,virtsim_28_0,virtsim_4_2,10,1.25,-0.13,False
954,virtsim_28_0,virtsim_52_1,12,1.5,-0.005,False
955,virtsim_28_0,virtsim_2_4,13,1.63,0.06,False
956,virtsim_28_0,virtsim_42_4,12,1.5,-0.005,False
957,virtsim_28_0,virtsim_39_1,12,1.5,-0.005,False
958,virtsim_28_0,virtsim_39_2,15,1.88,0.185,False
959,virtsim_28_0,virtsim_23_2,12,1.5,-0.005,False
960,virtsim_28_0,virtsim_70_1,11,1.38,-0.065,False
961,virtsim_28_0,virtsim_81_2,12,1.5,-0.005,False
962,virtsim_28_0,virtsim_21_3,11,1.38,-0.065,False
963,virtsim_28_0,virtsim_21_1,11,1.38,-0.065,False
964,virtsim_28_0,virtsim_83_4,13,1.63,0.06,False
965,virtsim_28_0,virtsim_85_2,12,1.5,-0.005,False
966,virtsim_26_0,virtsim_92_2,13,1.63,0.06,False
967,virtsim_26_0,virtsim_1_1,11,1.38,-0.065,False
968,virtsim_26_0,virtsim_1_2,11,1.38,-0.065,False
969,virtsim_26_0,virtsim_75_3,12,1.5,-0.005,False
970,virtsim_26_0,virtsim_1_4,11,1.38,-0.065,False
971,virtsim_26_0,virtsim_25_3,13,1.63,0.06,False
972,virtsim_26_0,virtsim_25_1,13,1.63,0.06,False
973,virtsim_26_0,virtsim_53_4,11,1.38,-0.065,False
974,virtsim_26_0,virtsim_60_4,13,1.63,0.06,False
975,virtsim_26_0,virtsim_54_4,11,1.38,-0.065,False
976,virtsim_26_0,virtsim_59_1,14,1.75,0.12,False
977,virtsim_26_0,virtsim_98_2,11,1.38,-0.065,False
978,virtsim_26_0,virtsim_88_4,12,1.5,-0.005,False
979,virtsim_26_0,virtsim_78_3,9,1.13,-0.19,False
980,virtsim_26_0,virtsim_45_2,11,1.38,-0.065,False
981,virtsim_26_0,virtsim_57_3,13,1.63,0.06,False
982,virtsim_26_0,virtsim_61_2,14,1.75,0.12,False
983,virtsim_26_0,virtsim_12_2,11,1.38,-0.065,False
984,virtsim_26_0,virtsim_35_2,12,1.5,-0.005,False
985,virtsim_26_0,virtsim_55_3,13,1.63,0.06,False
986,virtsim_26_0,virtsim_18_1,10,1.25,-0.13,False
987,virtsim_26_0,virtsim_55_1,12,1.5,-0.005,False
988,virtsim_26_0,virtsim_84_4,14,1.75,0.12,False
989,virtsim_26_0,virtsim_84_1,14,1.75,0.12,False
990,virtsim_26_0,virtsim_44_1,14,1.75,0.12,False
991,virtsim_26_0,virtsim_90_3,11,1.38,-0.065,False
992,virtsim_26_0,virtsim_47_3,13,1.63,0.06,False
993,virtsim_26_0,virtsim_11_4,9,1.13,-0.19,False
994,virtsim_26_0,virtsim_90_4,12,1.5,-0.005,False
995,virtsim_26_0,virtsim_49_4,11,1.38,-0.065,False
996,virtsim_26_0,virtsim_27_2,12,1.5,-0.005,False
997,virtsim_26_0,virtsim_86_4,10,1.25,-0.13,False
998,virtsim_26_0,virtsim_41_2,11,1.38,-0.065,False
999,virtsim_26_0,virtsim_5_1,14,1.75,0.12,False
1000,virtsim_26_0,virtsim_5_3,14,1.75,0.12,False
1001,virtsim_26_0,virtsim_27_4,12,1.5,-0.005,False
1002,virtsim_26_0,virtsim_27_1,12,1.5,-0.005,False
1003,virtsim_26_0,virtsim_95_1,15,1.88,0.185,False
1004,virtsim_26_0,virtsim_43_2,10,1.25,-0.13,False
1005,virtsim_26_0,virtsim_2_3,12,1.5,-0.005,False
1006,virtsim_26_0,virtsim_93_4,13,1.63,0.06,False
1007,virtsim_26_0,virtsim_68_3,10,1.25,-0.13,False
1008,virtsim_26_0,virtsim_68_4,10,1.25,-0.13,False
1009,virtsim_26_0,virtsim_93_3,13,1.63,0.06,False
1010,virtsim_26_0,virtsim_16_2,12,1.5,-0.005,False
1011,virtsim_26_0,virtsim_12_4,11,1.38,-0.065,False
1012,virtsim_26_0,virtsim_50_2,9,1.13,-0.19,False
1013,virtsim_26_0,virtsim_89_1,12,1.5,-0.005,False
1014,virtsim_26_0,virtsim_89_2,12,1.5,-0.005,False
1015,virtsim_26_0,virtsim_89_4,11,1.38,-0.065,False
1016,virtsim_26_0,virtsim_99_2,12,1.5,-0.005,False
1017,virtsim_26_0,virtsim_99_3,12,1.5,-0.005,False
1018,virtsim_26_0,virtsim_56_1,11,1.38,-0.065,False
1019,virtsim_26_0,virtsim_56_3,12,1.5,-0.005,False
1020,virtsim_26_0,virtsim_80_3,12,1.5,-0.005,False
1021,virtsim_26_0,virtsim_80_4,13,1.63,0.06,False
1022,virtsim_26_0,virtsim_45_3,12,1.5,-0.005,False
1023,virtsim_26_0,virtsim_60_3,12,1.5,-0.005,False
1024,virtsim_26_0,virtsim_82_3,12,1.5,-0.005,False
1025,virtsim_26_0,virtsim_13_3,13,1.63,0.06,False
1026,virtsim_26_0,virtsim_8_1,8,1.0,-0.255,False
1027,virtsim_26_0,virtsim_8_3,9,1.13,-0.19,False
1028,virtsim_26_0,virtsim_8_2,10,1.25,-0.13,False
1029,virtsim_26_0,virtsim_6_2,11,1.38,-0.065,False
1030,virtsim_26_0,virtsim_46_4,14,1.75,0.12,False
1031,virtsim_26_0,virtsim_31_4,11,1.38,-0.065,False
1032,virtsim_26_0,virtsim_46_3,13,1.63,0.06,False
1033,virtsim_26_0,virtsim_40_1,11,1.38,-0.065,False
1034,virtsim_26_0,virtsim_40_2,11,1.38,-0.065,False
1035,virtsim_26_0,virtsim_4_2,10,1.25,-0.13,False
1036,virtsim_26_0,virtsim_52_1,14,1.75,0.12,False
1037,virtsim_26_0,virtsim_2_4,12,1.5,-0.005,False
1038,virtsim_26_0,virtsim_42_4,13,1.63,0.06,False
1039,virtsim_26_0,virtsim_39_1,12,1.5,-0.005,False
1040,virtsim_26_0,virtsim_39_2,12,1.5,-0.005,False
1041,virtsim_26_0,virtsim_23_2,11,1.38,-0.065,False
1042,virtsim_26_0,virtsim_70_1,14,1.75,0.12,False
1043,virtsim_26_0,virtsim_81_2,11,1.38,-0.065,False
1044,virtsim_26_0,virtsim_21_3,13,1.63,0.06,False
1045,virtsim_26_0,virtsim_21_1,12,1.5,-0.005,False
1046,virtsim_26_0,virtsim_83_4,14,1.75,0.12,False
1047,virtsim_26_0,virtsim_85_2,11,1.38,-0.065,False
1048,virtsim_1_0,virtsim_1_1,2,0.25,-0.63,True
1049,virtsim_1_0,virtsim_1_2,3,0.38,-0.565,True
1050,virtsim_1_0,virtsim_75_3,13,1.63,0.06,False
1051,virtsim_1_0,virtsim_1_4,1,0.13,-0.69,True
1052,virtsim_1_0,virtsim_25_3,12,1.5,-0.005,False
1053,virtsim_1_0,virtsim_25_1,12,1.5,-0.005,False
1054,virtsim_1_0,virtsim_53_4,11,1.38,-0.065,False
1055,virtsim_1_0,virtsim_60_4,14,1.75,0.12,False
1056,virtsim_1_0,virtsim_54_4,12,1.5,-0.005,False
1057,virtsim_1_0,virtsim_59_1,13,1.63,0.06,False
1058,virtsim_1_0,virtsim_98_2,13,1.63,0.06,False
1059,virtsim_1_0,virtsim_88_4,9,1.13,-0.19,False
1060,virtsim_1_0,virtsim_78_3,12,1.5,-0.005,False
1061,virtsim_1_0,virtsim_45_2,10,1.25,-0.13,False
1062,virtsim_1_0,virtsim_57_3,12,1.5,-0.005,False
1063,virtsim_1_0,virtsim_61_2,12,1.5,-0.005,False
1064,virtsim_1_0,virtsim_12_2,11,1.38,-0.065,False
1065,virtsim_1_0,virtsim_35_2,12,1.5,-0.005,False
1066,virtsim_1_0,virtsim_55_3,12,1.5,-0.005,False
1067,virtsim_1_0,virtsim_18_1,13,1.63,0.06,False
1068,virtsim_1_0,virtsim_55_1,12,1.5,-0.005,False
1069,virtsim_1_0,virtsim_84_4,12,1.5,-0.005,False
1070,virtsim_1_0,virtsim_84_1,11,1.38,-0.065,False
1071,virtsim_1_0,virtsim_44_1,13,1.63,0.06,False
1072,virtsim_1_0,virtsim_90_3,12,1.5,-0.005,False
1073,virtsim_1_0,virtsim_47_3,11,1.38,-0.065,False
1074,virtsim_1_0,virtsim_11_4,14,1.75,0.12,False
1075,virtsim_1_0,virtsim_90_4,12,1.5,-0.005,False
1076,virtsim_1_0,virtsim_49_4,13,1.63,0.06,False
1077,virtsim_1_0,virtsim_27_2,11,1.38,-0.065,False
1078,virtsim_1_0,virtsim_86_4,12,1.5,-0.005,False
1079,virtsim_1_0,virtsim_41_2,13,1.63,0.06,False
1080,virtsim_1_0,virtsim_5_1,14,1.75,0.12,False
1081,virtsim_1_0,virtsim_5_3,14,1.75,0.12,False
1082,virtsim_1_0,virtsim_27_4,11,1.38,-0.065,False
1083,virtsim_1_0,virtsim_27_1,11,1.38,-0.065,False
1084,virtsim_1_0,virtsim_95_1,12,1.5,-0.005,False
1085,virtsim_1_0,virtsim_43_2,12,1.5,-0.005,False
1086,virtsim_1_0,virtsim_2_3,13,1.63,0.06,False
1087,virtsim_1_0,virtsim_93_4,12,1.5,-0.005,False
1088,virtsim_1_0,virtsim_68_3,11,1.38,-0.065,False
1089,virtsim_1_0,virtsim_68_4,13,1.63,0.06,False
1090,virtsim_1_0,virtsim_93_3,10,1.25,-0.13,False
1091,virtsim_1_0,virtsim_16_2,13,1.63,0.06,False
1092,virtsim_1_0,virtsim_12_4,11,1.38,-0.065,False
1093,virtsim_1_0,virtsim_50_2,11,1.38,-0.065,False
1094,virtsim_1_0,virtsim_89_1,12,1.5,-0.005,False
1095,virtsim_1_0,virtsim_89_2,11,1.38,-0.065,False
1096,virtsim_1_0,virtsim_89_4,12,1.5,-0.005,False
1097,virtsim_1_0,virtsim_99_2,12,1.5,-0.005,False
1098,virtsim_1_0,virtsim_99_3,11,1.38,-0.065,False
1099,virtsim_1_0,virtsim_56_1,14,1.75,0.12,False
1100,virtsim_1_0,virtsim_56_3,14,1.75,0.12,False
1101,virtsim_1_0,virtsim_80_3,12,1.5,-0.005,False
1102,virtsim_1_0,virtsim_80_4,11,1.38,-0.065,False
1103,virtsim_1_0,virtsim_45_3,10,1.25,-0.13,False
1104,virtsim_1_0,virtsim_60_3,13,1.63,0.06,False
1105,virtsim_1_0,virtsim_82_3,16,2.0,0.245,False
1106,virtsim_1_0,virtsim_13_3,11,1.38,-0.065,False
1107,virtsim_1_0,virtsim_8_1,10,1.25,-0.13,False
1108,virtsim_1_0,virtsim_8_3,10,1.25,-0.13,False
1109,virtsim_1_0,virtsim_8_2,12,1.5,-0.005,False
1110,virtsim_1_0,virtsim_6_2,13,1.63,0.06,False
1111,virtsim_1_0,virtsim_46_4,12,1.5,-0.005,False
1112,virtsim_1_0,virtsim_31_4,11,1.38,-0.065,False
1113,virtsim_1_0,virtsim_46_3,11,1.38,-0.065,False
1114,virtsim_1_0,virtsim_40_1,14,1.75,0.12,False
1115,virtsim_1_0,virtsim_40_2,14,1.75,0.12,False
1116,virtsim_1_0,virtsim_4_2,12,1.5,-0.005,False
1117,virtsim_1_0,virtsim_52_1,13,1.63,0.06,False
1118,virtsim_1_0,virtsim_2_4,14,1.75,0.12,False
1119,virtsim_1_0,virtsim_42_4,11,1.38,-0.065,False
1120,virtsim_1_0,virtsim_39_1,13,1.63,0.06,False
1121,virtsim_1_0,virtsim_39_2,14,1.75,0.12,False
1122,virtsim_1_0,virtsim_23_2,7,0.88,-0.315,False
1123,virtsim_1_0,virtsim_70_1,11,1.38,-0.065,False
1124,virtsim_1_0,virtsim_81_2,13,1.63,0.06,False
1125,virtsim_1_0,virtsim_21_3,12,1.5,-0.005,False
1126,virtsim_1_0,virtsim_21_1,13,1.63,0.06,False
1127,virtsim_1_0,virtsim_83_4,11,1.38,-0.065,False
1128,virtsim_1_0,virtsim_85_2,14,1.75,0.12,False
1129,virtsim_25_0,virtsim_53_4,13,1.63,0.06,False
1130,virtsim_25_0,virtsim_60_4,12,1.5,-0.005,False
1131,virtsim_25_0,virtsim_54_4,11,1.38,-0.065,False
1132,virtsim_25_0,virtsim_59_1,13,1.63,0.06,False
1133,virtsim_25_0,virtsim_98_2,11,1.38,-0.065,False
1134,virtsim_25_0,virtsim_88_4,9,1.13,-0.19,False
1135,virtsim_25_0,virtsim_78_3,12,1.5,-0.005,False
1136,virtsim_25_0,virtsim_45_2,13,1.63,0.06,False
1137,virtsim_25_0,virtsim_57_3,12,1.5,-0.005,False
1138,virtsim_25_0,virtsim_61_2,10,1.25,-0.13,False
1139,virtsim_25_0,virtsim_12_2,12,1.5,-0.005,False
1140,virtsim_25_0,virtsim_35_2,12,1.5,-0.005,False
1141,virtsim_25_0,virtsim_55_3,13,1.63,0.06,False
1142,virtsim_25_0,virtsim_18_1,14,1.75,0.12,False
1143,virtsim_25_0,virtsim_55_1,14,1.75,0.12,False
1144,virtsim_25_0,virtsim_84_4,11,1.38,-0.065,False
1145,virtsim_25_0,virtsim_84_1,11,1.38,-0.065,False
1146,virtsim_25_0,virtsim_44_1,13,1.63,0.06,False
1147,virtsim_25_0,virtsim_90_3,13,1.63,0.06,False
1148,virtsim_25_0,virtsim_47_3,13,1.63,0.06,False
1149,virtsim_25_0,virtsim_11_4,11,1.38,-0.065,False
1150,virtsim_25_0,virtsim_90_4,14,1.75,0.12,False
1151,virtsim_25_0,virtsim_49_4,12,1.5,-0.005,False
1152,virtsim_25_0,virtsim_27_2,11,1.38,-0.065,False
1153,virtsim_25_0,virtsim_86_4,11,1.38,-0.065,False
1154,virtsim_25_0,virtsim_41_2,12,1.5,-0.005,False
1155,virtsim_25_0,virtsim_5_1,16,2.0,0.245,False
1156,virtsim_25_0,virtsim_5_3,16,2.0,0.245,False
1157,virtsim_25_0,virtsim_27_4,11,1.38,-0.065,False
1158,virtsim_25_0,virtsim_27_1,13,1.63,0.06,False
1159,virtsim_25_0,virtsim_95_1,12,1.5,-0.005,False
1160,virtsim_25_0,virtsim_43_2,10,1.25,-0.13,False
1161,virtsim_25_0,virtsim_2_3,14,1.75,0.12,False
1162,virtsim_25_0,virtsim_93_4,13,1.63,0.06,False
1163,virtsim_25_0,virtsim_68_3,12,1.5,-0.005,False
1164,virtsim_25_0,virtsim_68_4,13,1.63,0.06,False
1165,virtsim_25_0,virtsim_93_3,13,1.63,0.06,False
1166,virtsim_25_0,virtsim_16_2,12,1.5,-0.005,False
1167,virtsim_25_0,virtsim_12_4,12,1.5,-0.005,False
1168,virtsim_25_0,virtsim_50_2,12,1.5,-0.005,False
1169,virtsim_25_0,virtsim_89_1,10,1.25,-0.13,False
1170,virtsim_25_0,virtsim_89_2,9,1.13,-0.19,False
1171,virtsim_25_0,virtsim_89_4,8,1.0,-0.255,False
1172,virtsim_25_0,virtsim_99_2,12,1.5,-0.005,False
1173,virtsim_25_0,virtsim_99_3,12,1.5,-0.005,False
1174,virtsim_25_0,virtsim_56_1,12,1.5,-0.005,False
1175,virtsim_25_0,virtsim_56_3,12,1.5,-0.005,False
1176,virtsim_25_0,virtsim_80_3,14,1.75,0.12,False
1177,virtsim_25_0,virtsim_80_4,14,1.75,0.12,False
1178,virtsim_25_0,virtsim_45_3,14,1.75,0.12,False
1179,virtsim_25_0,virtsim_60_3,12,1.5,-0.005,False
1180,virtsim_25_0,virtsim_82_3,12,1.5,-0.005,False
1181,virtsim_25_0,virtsim_13_3,11,1.38,-0.065,False
1182,virtsim_25_0,virtsim_8_1,12,1.5,-0.005,False
1183,virtsim_25_0,virtsim_8_3,12,1.5,-0.005,False
1184,virtsim_25_0,virtsim_8_2,12,1.5,-0.005,False
1185,virtsim_25_0,virtsim_6_2,9,1.13,-0.19,False
1186,virtsim_25_0,virtsim_46_4,12,1.5,-0.005,False
1187,virtsim_25_0,virtsim_31_4,10,1.25,-0.13,False
1188,virtsim_25_0,virtsim_46_3,12,1.5,-0.005,False
1189,virtsim_25_0,virtsim_40_1,11,1.38,-0.065,False
1190,virtsim_25_0,virtsim_40_2,11,1.38,-0.065,False
1191,virtsim_25_0,virtsim_4_2,11,1.38,-0.065,False
1192,virtsim_25_0,virtsim_52_1,14,1.75,0.12,False
1193,virtsim_25_0,virtsim_2_4,14,1.75,0.12,False
1194,virtsim_25_0,virtsim_42_4,13,1.63,0.06,False
1195,virtsim_25_0,virtsim_39_1,14,1.75,0.12,False
1196,virtsim_25_0,virtsim_39_2,14,1.75,0.12,False
1197,virtsim_25_0,virtsim_23_2,12,1.5,-0.005,False
1198,virtsim_25_0,virtsim_70_1,9,1.13,-0.19,False
1199,virtsim_25_0,virtsim_81_2,12,1.5,-0.005,False
1200,virtsim_25_0,virtsim_21_3,11,1.38,-0.065,False
1201,virtsim_25_0,virtsim_21_1,11,1.38,-0.065,False
1202,virtsim_25_0,virtsim_83_4,11,1.38,-0.065,False
1203,virtsim_25_0,virtsim_85_2,10,1.25,-0.13,False
1204,virtsim_51_0,virtsim_88_4,10,1.25,-0.13,False
1205,virtsim_51_0,virtsim_78_3,12,1.5,-0.005,False
1206,virtsim_51_0,virtsim_45_2,14,1.75,0.12,False
1207,virtsim_51_0,virtsim_57_3,12,1.5,-0.005,False
1208,virtsim_51_0,virtsim_61_2,11,1.38,-0.065,False
1209,virtsim_51_0,virtsim_12_2,15,1.88,0.185,False
1210,virtsim_51_0,virtsim_35_2,13,1.63,0.06,False
1211,virtsim_51_0,virtsim_55_3,15,1.88,0.185,False
1212,virtsim_51_0,virtsim_18_1,10,1.25,-0.13,False
1213,virtsim_51_0,virtsim_55_1,15,1.88,0.185,False
1214,virtsim_51_0,virtsim_84_4,13,1.63,0.06,False
1215,virtsim_51_0,virtsim_84_1,13,1.63,0.06,False
1216,virtsim_51_0,virtsim_44_1,12,1.5,-0.005,False
1217,virtsim_51_0,virtsim_90_3,12,1.5,-0.005,False
1218,virtsim_51_0,virtsim_47_3,14,1.75,0.12,False
1219,virtsim_51_0,virtsim_11_4,12,1.5,-0.005,False
1220,virtsim_51_0,virtsim_90_4,12,1.5,-0.005,False
1221,virtsim_51_0,virtsim_49_4,12,1.5,-0.005,False
1222,virtsim_51_0,virtsim_27_2,14,1.75,0.12,False
1223,virtsim_51_0,virtsim_86_4,12,1.5,-0.005,False
1224,virtsim_51_0,virtsim_41_2,12,1.5,-0.005,False
1225,virtsim_51_0,virtsim_5_1,13,1.63,0.06,False
1226,virtsim_51_0,virtsim_5_3,13,1.63,0.06,False
1227,virtsim_51_0,virtsim_27_4,14,1.75,0.12,False
1228,virtsim_51_0,virtsim_27_1,14,1.75,0.12,False
1229,virtsim_51_0,virtsim_95_1,11,1.38,-0.065,False
1230,virtsim_51_0,virtsim_43_2,14,1.75,0.12,False
1231,virtsim_51_0,virtsim_2_3,8,1.0,-0.255,False
1232,virtsim_51_0,virtsim_93_4,14,1.75,0.12,False
1233,virtsim_51_0,virtsim_68_3,12,1.5,-0.005,False
1234,virtsim_51_0,virtsim_68_4,14,1.75,0.12,False
1235,virtsim_51_0,virtsim_93_3,14,1.75,0.12,False
1236,virtsim_51_0,virtsim_16_2,12,1.5,-0.005,False
1237,virtsim_51_0,virtsim_12_4,15,1.88,0.185,False
1238,virtsim_51_0,virtsim_50_2,14,1.75,0.12,False
1239,virtsim_51_0,virtsim_89_1,14,1.75,0.12,False
1240,virtsim_51_0,virtsim_89_2,14,1.75,0.12,False
1241,virtsim_51_0,virtsim_89_4,14,1.75,0.12,False
1242,virtsim_51_0,virtsim_99_2,13,1.63,0.06,False
1243,virtsim_51_0,virtsim_99_3,12,1.5,-0.005,False
1244,virtsim_51_0,virtsim_56_1,11,1.38,-0.065,False
1245,virtsim_51_0,virtsim_56_3,11,1.38,-0.065,False
1246,virtsim_51_0,virtsim_80_3,12,1.5,-0.005,False
1247,virtsim_51_0,virtsim_80_4,11,1.38,-0.065,False
1248,virtsim_51_0,virtsim_45_3,14,1.75,0.12,False
1249,virtsim_51_0,virtsim_60_3,13,1.63,0.06,False
1250,virtsim_51_0,virtsim_82_3,14,1.75,0.12,False
1251,virtsim_51_0,virtsim_13_3,12,1.5,-0.005,False
1252,virtsim_51_0,virtsim_8_1,10,1.25,-0.13,False
1253,virtsim_51_0,virtsim_8_3,10,1.25,-0.13,False
1254,virtsim_51_0,virtsim_8_2,12,1.5,-0.005,False
1255,virtsim_51_0,virtsim_6_2,14,1.75,0.12,False
1256,virtsim_51_0,virtsim_46_4,12,1.5,-0.005,False
1257,virtsim_51_0,virtsim_31_4,14,1.75,0.12,False
1258,virtsim_51_0,virtsim_46_3,12,1.5,-0.005,False
1259,virtsim_51_0,virtsim_40_1,11,1.38,-0.065,False
1260,virtsim_51_0,virtsim_40_2,11,1.38,-0.065,False
1261,virtsim_51_0,virtsim_4_2,9,1.13,-0.19,False
1262,virtsim_51_0,virtsim_52_1,14,1.75,0.12,False
1263,virtsim_51_0,virtsim_2_4,10,1.25,-0.13,False
1264,virtsim_51_0,virtsim_42_4,12,1.5,-0.005,False
1265,virtsim_51_0,virtsim_39_1,10,1.25,-0.13,False
1266,virtsim_51_0,virtsim_39_2,11,1.38,-0.065,False
1267,virtsim_51_0,virtsim_23_2,13,1.63,0.06,False
1268,virtsim_51_0,virtsim_70_1,12,1.5,-0.005,False
1269,virtsim_51_0,virtsim_81_2,14,1.75,0.12,False
1270,virtsim_51_0,virtsim_21_3,14,1.75,0.12,False
1271,virtsim_51_0,virtsim_21_1,14,1.75,0.12,False
1272,virtsim_51_0,virtsim_83_4,14,1.75,0.12,False
1273,virtsim_51_0,virtsim_85_2,14,1.75,0.12,False
1274,virtsim_78_0,virtsim_78_3,1,0.13,-0.69,True
1275,virtsim_78_0,virtsim_45_2,13,1.63,0.06,False
1276,virtsim_78_0,virtsim_57_3,13,1.63,0.06,False
1277,virtsim_78_0,virtsim_61_2,12,1.5,-0.005,False
1278,virtsim_78_0,virtsim_12_2,13,1.63,0.06,False
1279,virtsim_78_0,virtsim_35_2,14,1.75,0.12,False
1280,virtsim_78_0,virtsim_55_3,12,1.5,-0.005,False
1281,virtsim_78_0,virtsim_18_1,7,0.88,-0.315,False
1282,virtsim_78_0,virtsim_55_1,12,1.5,-0.005,False
1283,virtsim_78_0,virtsim_84_4,15,1.88,0.185,False
1284,virtsim_78_0,virtsim_84_1,14,1.75,0.12,False
1285,virtsim_78_0,virtsim_44_1,14,1.75,0.12,False
1286,virtsim_78_0,virtsim_90_3,12,1.5,-0.005,False
1287,virtsim_78_0,virtsim_47_3,13,1.63,0.06,False
1288,virtsim_78_0,virtsim_11_4,11,1.38,-0.065,False
1289,virtsim_78_0,virtsim_90_4,13,1.63,0.06,False
1290,virtsim_78_0,virtsim_49_4,12,1.5,-0.005,False
1291,virtsim_78_0,virtsim_27_2,14,1.75,0.12,False
1292,virtsim_78_0,virtsim_86_4,13,1.63,0.06,False
1293,virtsim_78_0,virtsim_41_2,12,1.5,-0.005,False
1294,virtsim_78_0,virtsim_5_1,14,1.75,0.12,False
1295,virtsim_78_0,virtsim_5_3,14,1.75,0.12,False
1296,virtsim_78_0,virtsim_27_4,14,1.75,0.12,False
1297,virtsim_78_0,virtsim_27_1,15,1.88,0.185,False
1298,virtsim_78_0,virtsim_95_1,11,1.38,-0.065,False
1299,virtsim_78_0,virtsim_43_2,11,1.38,-0.065,False
1300,virtsim_78_0,virtsim_2_3,12,1.5,-0.005,False
1301,virtsim_78_0,virtsim_93_4,14,1.75,0.12,False
1302,virtsim_78_0,virtsim_68_3,12,1.5,-0.005,False
1303,virtsim_78_0,virtsim_68_4,13,1.63,0.06,False
1304,virtsim_78_0,virtsim_93_3,14,1.75,0.12,False
1305,virtsim_78_0,virtsim_16_2,13,1.63,0.06,False
1306,virtsim_78_0,virtsim_12_4,13,1.63,0.06,False
1307,virtsim_78_0,virtsim_50_2,10,1.25,-0.13,False
1308,virtsim_78_0,virtsim_89_1,11,1.38,-0.065,False
1309,virtsim_78_0,virtsim_89_2,10,1.25,-0.13,False
1310,virtsim_78_0,virtsim_89_4,11,1.38,-0.065,False
1311,virtsim_78_0,virtsim_99_2,13,1.63,0.06,False
1312,virtsim_78_0,virtsim_99_3,14,1.75,0.12,False
1313,virtsim_78_0,virtsim_56_1,11,1.38,-0.065,False
1314,virtsim_78_0,virtsim_56_3,11,1.38,-0.065,False
1315,virtsim_78_0,virtsim_80_3,13,1.63,0.06,False
1316,virtsim_78_0,virtsim_80_4,14,1.75,0.12,False
1317,virtsim_78_0,virtsim_45_3,13,1.63,0.06,False
1318,virtsim_78_0,virtsim_60_3,12,1.5,-0.005,False
1319,virtsim_78_0,virtsim_82_3,14,1.75,0.12,False
1320,virtsim_78_0,virtsim_13_3,14,1.75,0.12,False
1321,virtsim_78_0,virtsim_8_1,9,1.13,-0.19,False
1322,virtsim_78_0,virtsim_8_3,10,1.25,-0.13,False
1323,virtsim_78_0,virtsim_8_2,11,1.38,-0.065,False
1324,virtsim_78_0,virtsim_6_2,13,1.63,0.06,False
1325,virtsim_78_0,virtsim_46_4,12,1.5,-0.005,False
1326,virtsim_78_0,virtsim_31_4,11,1.38,-0.065,False
1327,virtsim_78_0,virtsim_46_3,12,1.5,-0.005,False
1328,virtsim_78_0,virtsim_40_1,12,1.5,-0.005,False
1329,virtsim_78_0,virtsim_40_2,12,1.5,-0.005,False
1330,virtsim_78_0,virtsim_4_2,12,1.5,-0.005,False
1331,virtsim_78_0,virtsim_52_1,14,1.75,0.12,False
1332,virtsim_78_0,virtsim_2_4,12,1.5,-0.005,False
1333,virtsim_78_0,virtsim_42_4,13,1.63,0.06,False
1334,virtsim_78_0,virtsim_39_1,14,1.75,0.12,False
1335,virtsim_78_0,virtsim_39_2,16,2.0,0.245,False
1336,virtsim_78_0,virtsim_23_2,12,1.5,-0.005,False
1337,virtsim_78_0,virtsim_70_1,13,1.63,0.06,False
1338,virtsim_78_0,virtsim_81_2,13,1.63,0.06,False
1339,virtsim_78_0,virtsim_21_3,12,1.5,-0.005,False
1340,virtsim_78_0,virtsim_21_1,12,1.5,-0.005,False
1341,virtsim_78_0,virtsim_83_4,13,1.63,0.06,False
1342,virtsim_78_0,virtsim_85_2,12,1.5,-0.005,False
1343,virtsim_9_0,virtsim_35_2,11,1.38,-0.065,False
1344,virtsim_9_0,virtsim_55_3,14,1.75,0.12,False
1345,virtsim_9_0,virtsim_18_1,13,1.63,0.06,False
1346,virtsim_9_0,virtsim_55_1,15,1.88,0.185,False
1347,virtsim_9_0,virtsim_84_4,14,1.75,0.12,False
1348,virtsim_9_0,virtsim_84_1,14,1.75,0.12,False
1349,virtsim_9_0,virtsim_44_1,11,1.38,-0.065,False
1350,virtsim_9_0,virtsim_90_3,11,1.38,-0.065,False
1351,virtsim_9_0,virtsim_47_3,10,1.25,-0.13,False
1352,virtsim_9_0,virtsim_11_4,14,1.75,0.12,False
1353,virtsim_9_0,virtsim_90_4,12,1.5,-0.005,False
1354,virtsim_9_0,virtsim_49_4,13,1.63,0.06,False
1355,virtsim_9_0,virtsim_27_2,14,1.75,0.12,False
1356,virtsim_9_0,virtsim_86_4,13,1.63,0.06,False
1357,virtsim_9_0,virtsim_41_2,13,1.63,0.06,False
1358,virtsim_9_0,virtsim_5_1,11,1.38,-0.065,False
1359,virtsim_9_0,virtsim_5_3,11,1.38,-0.065,False
1360,virtsim_9_0,virtsim_27_4,14,1.75,0.12,False
1361,virtsim_9_0,virtsim_27_1,14,1.75,0.12,False
1362,virtsim_9_0,virtsim_95_1,11,1.38,-0.065,False
1363,virtsim_9_0,virtsim_43_2,13,1.63,0.06,False
1364,virtsim_9_0,virtsim_2_3,13,1.63,0.06,False
1365,virtsim_9_0,virtsim_93_4,13,1.63,0.06,False
1366,virtsim_9_0,virtsim_68_3,11,1.38,-0.065,False
1367,virtsim_9_0,virtsim_68_4,11,1.38,-0.065,False
1368,virtsim_9_0,virtsim_93_3,13,1.63,0.06,False
1369,virtsim_9_0,virtsim_16_2,11,1.38,-0.065,False
1370,virtsim_9_0,virtsim_12_4,14,1.75,0.12,False
1371,virtsim_9_0,virtsim_50_2,11,1.38,-0.065,False
1372,virtsim_9_0,virtsim_89_1,13,1.63,0.06,False
1373,virtsim_9_0,virtsim_89_2,13,1.63,0.06,False
1374,virtsim_9_0,virtsim_89_4,13,1.63,0.06,False
1375,virtsim_9_0,virtsim_99_2,9,1.13,-0.19,False
1376,virtsim_9_0,virtsim_99_3,10,1.25,-0.13,False
1377,virtsim_9_0,virtsim_56_1,11,1.38,-0.065,False
1378,virtsim_9_0,virtsim_56_3,10,1.25,-0.13,False
1379,virtsim_9_0,virtsim_80_3,13,1.63,0.06,False
1380,virtsim_9_0,virtsim_80_4,13,1.63,0.06,False
1381,virtsim_9_0,virtsim_45_3,12,1.5,-0.005,False
1382,virtsim_9_0,virtsim_60_3,14,1.75,0.12,False
1383,virtsim_9_0,virtsim_82_3,9,1.13,-0.19,False
1384,virtsim_9_0,virtsim_13_3,10,1.25,-0.13,False
1385,virtsim_9_0,virtsim_8_1,10,1.25,-0.13,False
1386,virtsim_9_0,virtsim_8_3,9,1.13,-0.19,False
1387,virtsim_9_0,virtsim_8_2,10,1.25,-0.13,False
1388,virtsim_9_0,virtsim_6_2,11,1.38,-0.065,False
1389,virtsim_9_0,virtsim_46_4,13,1.63,0.06,False
1390,virtsim_9_0,virtsim_31_4,15,1.88,0.185,False
1391,virtsim_9_0,virtsim_46_3,13,1.63,0.06,False
1392,virtsim_9_0,virtsim_40_1,11,1.38,-0.065,False
1393,virtsim_9_0,virtsim_40_2,11,1.38,-0.065,False
1394,virtsim_9_0,virtsim_4_2,9,1.13,-0.19,False
1395,virtsim_9_0,virtsim_52_1,12,1.5,-0.005,False
1396,virtsim_9_0,virtsim_2_4,10,1.25,-0.13,False
1397,virtsim_9_0,virtsim_42_4,11,1.38,-0.065,False
1398,virtsim_9_0,virtsim_39_1,12,1.5,-0.005,False
1399,virtsim_9_0,virtsim_39_2,14,1.75,0.12,False
1400,virtsim_9_0,virtsim_23_2,13,1.63,0.06,False
1401,virtsim_9_0,virtsim_70_1,14,1.75,0.12,False
1402,virtsim_9_0,virtsim_81_2,13,1.63,0.06,False
1403,virtsim_9_0,virtsim_21_3,10,1.25,-0.13,False
1404,virtsim_9_0,virtsim_21_1,10,1.25,-0.13,False
1405,virtsim_9_0,virtsim_83_4,11,1.38,-0.065,False
1406,virtsim_9_0,virtsim_85_2,11,1.38,-0.065,False
1407,virtsim_7_0,virtsim_47_3,11,1.38,-0.065,False
1408,virtsim_7_0,virtsim_11_4,13,1.63,0.06,False
1409,virtsim_7_0,virtsim_90_4,13,1.63,0.06,False
1410,virtsim_7_0,virtsim_49_4,13,1.63,0.06,False
1411,virtsim_7_0,virtsim_27_2,13,1.63,0.06,False
1412,virtsim_7_0,virtsim_86_4,15,1.88,0.185,False
1413,virtsim_7_0,virtsim_41_2,10,1.25,-0.13,False
1414,virtsim_7_0,virtsim_5_1,11,1.38,-0.065,False
1415,virtsim_7_0,virtsim_5_3,11,1.38,-0.065,False
1416,virtsim_7_0,virtsim_27_4,13,1.63,0.06,False
1417,virtsim_7_0,virtsim_27_1,12,1.5,-0.005,False
1418,virtsim_7_0,virtsim_95_1,8,1.0,-0.255,False
1419,virtsim_7_0,virtsim_43_2,12,1.5,-0.005,False
1420,virtsim_7_0,virtsim_2_3,12,1.5,-0.005,False
1421,virtsim_7_0,virtsim_93_4,14,1.75,0.12,False
1422,virtsim_7_0,virtsim_68_3,11,1.38,-0.065,False
1423,virtsim_7_0,virtsim_68_4,11,1.38,-0.065,False
1424,virtsim_7_0,virtsim_93_3,13,1.63,0.06,False
1425,virtsim_7_0,virtsim_16_2,11,1.38,-0.065,False
1426,virtsim_7_0,virtsim_12_4,14,1.75,0.12,False
1427,virtsim_7_0,virtsim_50_2,11,1.38,-0.065,False
1428,virtsim_7_0,virtsim_89_1,10,1.25,-0.13,False
1429,virtsim_7_0,virtsim_89_2,11,1.38,-0.065,False
1430,virtsim_7_0,virtsim_89_4,10,1.25,-0.13,False
1431,virtsim_7_0,virtsim_99_2,12,1.5,-0.005,False
1432,virtsim_7_0,virtsim_99_3,13,1.63,0.06,False
1433,virtsim_7_0,virtsim_56_1,13,1.63,0.06,False
1434,virtsim_7_0,virtsim_56_3,13,1.63,0.06,False
1435,virtsim_7_0,virtsim_80_3,13,1.63,0.06,False
1436,virtsim_7_0,virtsim_80_4,14,1.75,0.12,False
1437,virtsim_7_0,virtsim_45_3,14,1.75,0.12,False
1438,virtsim_7_0,virtsim_60_3,14,1.75,0.12,False
1439,virtsim_7_0,virtsim_82_3,12,1.5,-0.005,False
1440,virtsim_7_0,virtsim_13_3,13,1.63,0.06,False
1441,virtsim_7_0,virtsim_8_1,12,1.5,-0.005,False
1442,virtsim_7_0,virtsim_8_3,12,1.5,-0.005,False
1443,virtsim_7_0,virtsim_8_2,12,1.5,-0.005,False
1444,virtsim_7_0,virtsim_6_2,11,1.38,-0.065,False
1445,virtsim_7_0,virtsim_46_4,13,1.63,0.06,False
1446,virtsim_7_0,virtsim_31_4,11,1.38,-0.065,False
1447,virtsim_7_0,virtsim_46_3,13,1.63,0.06,False
1448,virtsim_7_0,virtsim_40_1,13,1.63,0.06,False
1449,virtsim_7_0,virtsim_40_2,12,1.5,-0.005,False
1450,virtsim_7_0,virtsim_4_2,14,1.75,0.12,False
1451,virtsim_7_0,virtsim_52_1,14,1.75,0.12,False
1452,virtsim_7_0,virtsim_2_4,14,1.75,0.12,False
1453,virtsim_7_0,virtsim_42_4,15,1.88,0.185,False
1454,virtsim_7_0,virtsim_39_1,13,1.63,0.06,False
1455,virtsim_7_0,virtsim_39_2,14,1.75,0.12,False
1456,virtsim_7_0,virtsim_23_2,10,1.25,-0.13,False
1457,virtsim_7_0,virtsim_70_1,12,1.5,-0.005,False
1458,virtsim_7_0,virtsim_81_2,12,1.5,-0.005,False
1459,virtsim_7_0,virtsim_21_3,13,1.63,0.06,False
1460,virtsim_7_0,virtsim_21_1,13,1.63,0.06,False
1461,virtsim_7_0,virtsim_83_4,11,1.38,-0.065,False
1462,virtsim_7_0,virtsim_85_2,13,1.63,0.06,False
1463,virtsim_27_0,virtsim_95_1,14,1.75,0.12,False
1464,virtsim_27_0,virtsim_43_2,8,1.0,-0.255,False
1465,virtsim_27_0,virtsim_2_3,11,1.38,-0.065,False
1466,virtsim_27_0,virtsim_93_4,12,1.5,-0.005,False
1467,virtsim_27_0,virtsim_68_3,12,1.5,-0.005,False
1468,virtsim_27_0,virtsim_68_4,11,1.38,-0.065,False
1469,virtsim_27_0,virtsim_93_3,12,1.5,-0.005,False
1470,virtsim_27_0,virtsim_16_2,13,1.63,0.06,False
1471,virtsim_27_0,virtsim_12_4,10,1.25,-0.13,False
1472,virtsim_27_0,virtsim_50_2,12,1.5,-0.005,False
1473,virtsim_27_0,virtsim_89_1,16,2.0,0.245,False
1474,virtsim_27_0,virtsim_89_2,16,2.0,0.245,False
1475,virtsim_27_0,virtsim_89_4,15,1.88,0.185,False
1476,virtsim_27_0,virtsim_99_2,14,1.75,0.12,False
1477,virtsim_27_0,virtsim_99_3,13,1.63,0.06,False
1478,virtsim_27_0,virtsim_56_1,13,1.63,0.06,False
1479,virtsim_27_0,virtsim_56_3,12,1.5,-0.005,False
1480,virtsim_27_0,virtsim_80_3,9,1.13,-0.19,False
1481,virtsim_27_0,virtsim_80_4,10,1.25,-0.13,False
1482,virtsim_27_0,virtsim_45_3,12,1.5,-0.005,False
1483,virtsim_27_0,virtsim_60_3,12,1.5,-0.005,False
1484,virtsim_27_0,virtsim_82_3,10,1.25,-0.13,False
1485,virtsim_27_0,virtsim_13_3,11,1.38,-0.065,False
1486,virtsim_27_0,virtsim_8_1,12,1.5,-0.005,False
1487,virtsim_27_0,virtsim_8_3,11,1.38,-0.065,False
1488,virtsim_27_0,virtsim_8_2,11,1.38,-0.065,False
1489,virtsim_27_0,virtsim_6_2,11,1.38,-0.065,False
1490,virtsim_27_0,virtsim_46_4,12,1.5,-0.005,False
1491,virtsim_27_0,virtsim_31_4,10,1.25,-0.13,False
1492,virtsim_27_0,virtsim_46_3,13,1.63,0.06,False
1493,virtsim_27_0,virtsim_40_1,11,1.38,-0.065,False
1494,virtsim_27_0,virtsim_40_2,11,1.38,-0.065,False
1495,virtsim_27_0,virtsim_4_2,12,1.5,-0.005,False
1496,virtsim_27_0,virtsim_52_1,11,1.38,-0.065,False
1497,virtsim_27_0,virtsim_2_4,11,1.38,-0.065,False
1498,virtsim_27_0,virtsim_42_4,12,1.5,-0.005,False
1499,virtsim_27_0,virtsim_39_1,11,1.38,-0.065,False
1500,virtsim_27_0,virtsim_39_2,12,1.5,-0.005,False
1501,virtsim_27_0,virtsim_23_2,12,1.5,-0.005,False
1502,virtsim_27_0,virtsim_70_1,12,1.5,-0.005,False
1503,virtsim_27_0,virtsim_81_2,11,1.38,-0.065,False
1504,virtsim_27_0,virtsim_21_3,12,1.5,-0.005,False
1505,virtsim_27_0,virtsim_21_1,12,1.5,-0.005,False
1506,virtsim_27_0,virtsim_83_4,11,1.38,-0.065,False
1507,virtsim_27_0,virtsim_85_2,13,1.63,0.06,False
1508,virtsim_43_0,virtsim_2_3,13,1.63,0.06,False
1509,virtsim_43_0,virtsim_93_4,13,1.63,0.06,False
1510,virtsim_43_0,virtsim_68_3,10,1.25,-0.13,False
1511,virtsim_43_0,virtsim_68_4,9,1.13,-0.19,False
1512,virtsim_43_0,virtsim_93_3,13,1.63,0.06,False
1513,virtsim_43_0,virtsim_16_2,12,1.5,-0.005,False
1514,virtsim_43_0,virtsim_12_4,13,1.63,0.06,False
1515,virtsim_43_0,virtsim_50_2,11,1.38,-0.065,False
1516,virtsim_43_0,virtsim_89_1,11,1.38,-0.065,False
1517,virtsim_43_0,virtsim_89_2,10,1.25,-0.13,False
1518,virtsim_43_0,virtsim_89_4,10,1.25,-0.13,False
1519,virtsim_43_0,virtsim_99_2,13,1.63,0.06,False
1520,virtsim_43_0,virtsim_99_3,13,1.63,0.06,False
1521,virtsim_43_0,virtsim_56_1,10,1.25,-0.13,False
1522,virtsim_43_0,virtsim_56_3,11,1.38,-0.065,False
1523,virtsim_43_0,virtsim_80_3,12,1.5,-0.005,False
1524,virtsim_43_0,virtsim_80_4,13,1.63,0.06,False
1525,virtsim_43_0,virtsim_45_3,15,1.88,0.185,False
1526,virtsim_43_0,virtsim_60_3,10,1.25,-0.13,False
1527,virtsim_43_0,virtsim_82_3,10,1.25,-0.13,False
1528,virtsim_43_0,virtsim_13_3,11,1.38,-0.065,False
1529,virtsim_43_0,virtsim_8_1,11,1.38,-0.065,False
1530,virtsim_43_0,virtsim_8_3,12,1.5,-0.005,False
1531,virtsim_43_0,virtsim_8_2,12,1.5,-0.005,False
1532,virtsim_43_0,virtsim_6_2,11,1.38,-0.065,False
1533,virtsim_43_0,virtsim_46_4,15,1.88,0.185,False
1534,virtsim_43_0,virtsim_31_4,10,1.25,-0.13,False
1535,virtsim_43_0,virtsim_46_3,15,1.88,0.185,False
1536,virtsim_43_0,virtsim_40_1,11,1.38,-0.065,False
1537,virtsim_43_0,virtsim_40_2,11,1.38,-0.065,False
1538,virtsim_43_0,virtsim_4_2,13,1.63,0.06,False
1539,virtsim_43_0,virtsim_52_1,15,1.88,0.185,False
1540,virtsim_43_0,virtsim_2_4,13,1.63,0.06,False
1541,virtsim_43_0,virtsim_42_4,13,1.63,0.06,False
1542,virtsim_43_0,virtsim_39_1,14,1.75,0.12,False
1543,virtsim_43_0,virtsim_39_2,15,1.88,0.185,False
1544,virtsim_43_0,virtsim_23_2,13,1.63,0.06,False
1545,virtsim_43_0,virtsim_70_1,13,1.63,0.06,False
1546,virtsim_43_0,virtsim_81_2,10,1.25,-0.13,False
1547,virtsim_43_0,virtsim_21_3,12,1.5,-0.005,False
1548,virtsim_43_0,virtsim_21_1,13,1.63,0.06,False
1549,virtsim_43_0,virtsim_83_4,13,1.63,0.06,False
1550,virtsim_43_0,virtsim_85_2,11,1.38,-0.065,False
1551,virtsim_2_0,virtsim_93_4,13,1.63,0.06,False
1552,virtsim_2_0,virtsim_68_3,13,1.63,0.06,False
1553,virtsim_2_0,virtsim_68_4,14,1.75,0.12,False
1554,virtsim_2_0,virtsim_93_3,14,1.75,0.12,False
1555,virtsim_2_0,virtsim_16_2,11,1.38,-0.065,False
1556,virtsim_2_0,virtsim_12_4,12,1.5,-0.005,False
1557,virtsim_2_0,virtsim_50_2,12,1.5,-0.005,False
1558,virtsim_2_0,virtsim_89_1,15,1.88,0.185,False
1559,virtsim_2_0,virtsim_89_2,15,1.88,0.185,False
1560,virtsim_2_0,virtsim_89_4,14,1.75,0.12,False
1561,virtsim_2_0,virtsim_99_2,15,1.88,0.185,False
1562,virtsim_2_0,virtsim_99_3,13,1.63,0.06,False
1563,virtsim_2_0,virtsim_56_1,9,1.13,-0.19,False
1564,virtsim_2_0,virtsim_56_3,10,1.25,-0.13,False
1565,virtsim_2_0,virtsim_80_3,8,1.0,-0.255,False
1566,virtsim_2_0,virtsim_80_4,8,1.0,-0.255,False
1567,virtsim_2_0,virtsim_45_3,14,1.75,0.12,False
1568,virtsim_2_0,virtsim_60_3,12,1.5,-0.005,False
1569,virtsim_2_0,virtsim_82_3,12,1.5,-0.005,False
1570,virtsim_2_0,virtsim_13_3,13,1.63,0.06,False
1571,virtsim_2_0,virtsim_8_1,11,1.38,-0.065,False
1572,virtsim_2_0,virtsim_8_3,11,1.38,-0.065,False
1573,virtsim_2_0,virtsim_8_2,12,1.5,-0.005,False
1574,virtsim_2_0,virtsim_6_2,14,1.75,0.12,False
1575,virtsim_2_0,virtsim_46_4,13,1.63,0.06,False
1576,virtsim_2_0,virtsim_31_4,13,1.63,0.06,False
1577,virtsim_2_0,virtsim_46_3,13,1.63,0.06,False
1578,virtsim_2_0,virtsim_40_1,14,1.75,0.12,False
1579,virtsim_2_0,virtsim_40_2,14,1.75,0.12,False
1580,virtsim_2_0,virtsim_4_2,11,1.38,-0.065,False
1581,virtsim_2_0,virtsim_52_1,11,1.38,-0.065,False
1582,virtsim_2_0,virtsim_2_4,3,0.38,-0.565,True
1583,virtsim_2_0,virtsim_42_4,12,1.5,-0.005,False
1584,virtsim_2_0,virtsim_39_1,13,1.63,0.06,False
1585,virtsim_2_0,virtsim_39_2,13,1.63,0.06,False
1586,virtsim_2_0,virtsim_23_2,13,1.63,0.06,False
1587,virtsim_2_0,virtsim_70_1,12,1.5,-0.005,False
1588,virtsim_2_0,virtsim_81_2,12,1.5,-0.005,False
1589,virtsim_2_0,virtsim_21_3,12,1.5,-0.005,False
1590,virtsim_2_0,virtsim_21_1,12,1.5,-0.005,False
1591,virtsim_2_0,virtsim_83_4,10,1.25,-0.13,False
1592,virtsim_2_0,virtsim_85_2,14,1.75,0.12,False
1593,virtsim_93_0,virtsim_68_4,15,1.88,0.185,False
1594,virtsim_93_0,virtsim_93_3,2,0.25,-0.63,True
1595,virtsim_93_0,virtsim_16_2,11,1.38,-0.065,False
1596,virtsim_93_0,virtsim_12_4,11,1.38,-0.065,False
1597,virtsim_93_0,virtsim_50_2,13,1.63,0.06,False
1598,virtsim_93_0,virtsim_89_1,12,1.5,-0.005,False
1599,virtsim_93_0,virtsim_89_2,12,1.5,-0.005,False
1600,virtsim_93_0,virtsim_89_4,12,1.5,-0.005,False
1601,virtsim_93_0,virtsim_99_2,16,2.0,0.245,False
1602,virtsim_93_0,virtsim_99_3,15,1.88,0.185,False
1603,virtsim_93_0,virtsim_56_1,12,1.5,-0.005,False
1604,virtsim_93_0,virtsim_56_3,13,1.63,0.06,False
1605,virtsim_93_0,virtsim_80_3,10,1.25,-0.13,False
1606,virtsim_93_0,virtsim_80_4,10,1.25,-0.13,False
1607,virtsim_93_0,virtsim_45_3,12,1.5,-0.005,False
1608,virtsim_93_0,virtsim_60_3,11,1.38,-0.065,False
1609,virtsim_93_0,virtsim_82_3,14,1.75,0.12,False
1610,virtsim_93_0,virtsim_13_3,14,1.75,0.12,False
1611,virtsim_93_0,virtsim_8_1,14,1.75,0.12,False
1612,virtsim_93_0,virtsim_8_3,14,1.75,0.12,False
1613,virtsim_93_0,virtsim_8_2,14,1.75,0.12,False
1614,virtsim_93_0,virtsim_6_2,13,1.63,0.06,False
1615,virtsim_93_0,virtsim_46_4,11,1.38,-0.065,False
1616,virtsim_93_0,virtsim_31_4,13,1.63,0.06,False
1617,virtsim_93_0,virtsim_46_3,11,1.38,-0.065,False
1618,virtsim_93_0,virtsim_40_1,12,1.5,-0.005,False
1619,virtsim_93_0,virtsim_40_2,11,1.38,-0.065,False
1620,virtsim_93_0,virtsim_4_2,12,1.5,-0.005,False
1621,virtsim_93_0,virtsim_52_1,13,1.63,0.06,False
1622,virtsim_93_0,virtsim_2_4,14,1.75,0.12,False
1623,virtsim_93_0,virtsim_42_4,11,1.38,-0.065,False
1624,virtsim_93_0,virtsim_39_1,10,1.25,-0.13,False
1625,virtsim_93_0,virtsim_39_2,12,1.5,-0.005,False
1626,virtsim_93_0,virtsim_23_2,10,1.25,-0.13,False
1627,virtsim_93_0,virtsim_70_1,10,1.25,-0.13,False
1628,virtsim_93_0,virtsim_81_2,14,1.75,0.12,False
1629,virtsim_93_0,virtsim_21_3,15,1.88,0.185,False
1630,virtsim_93_0,virtsim_21_1,15,1.88,0.185,False
1631,virtsim_93_0,virtsim_83_4,11,1.38,-0.065,False
1632,virtsim_93_0,virtsim_85_2,11,1.38,-0.065,False
1633,virtsim_89_0,virtsim_89_2,3,0.38,-0.565,True
1634,virtsim_89_0,virtsim_89_4,1,0.13,-0.69,True
1635,virtsim_89_0,virtsim_99_2,12,1.5,-0.005,False
1636,virtsim_89_0,virtsim_99_3,14,1.75,0.12,False
1637,virtsim_89_0,virtsim_56_1,11,1.38,-0.065,False
1638,virtsim_89_0,virtsim_56_3,12,1.5,-0.005,False
1639,virtsim_89_0,virtsim_80_3,15,1.88,0.185,False
1640,virtsim_89_0,virtsim_80_4,15,1.88,0.185,False
1641,virtsim_89_0,virtsim_45_3,13,1.63,0.06,False
1642,virtsim_89_0,virtsim_60_3,12,1.5,-0.005,False
1643,virtsim_89_0,virtsim_82_3,13,1.63,0.06,False
1644,virtsim_89_0,virtsim_13_3,13,1.63,0.06,False
1645,virtsim_89_0,virtsim_8_1,11,1.38,-0.065,False
1646,virtsim_89_0,virtsim_8_3,12,1.5,-0.005,False
1647,virtsim_89_0,virtsim_8_2,12,1.5,-0.005,False
1648,virtsim_89_0,virtsim_6_2,10,1.25,-0.13,False
1649,virtsim_89_0,virtsim_46_4,12,1.5,-0.005,False
1650,virtsim_89_0,virtsim_31_4,11,1.38,-0.065,False
1651,virtsim_89_0,virtsim_46_3,12,1.5,-0.005,False
1652,virtsim_89_0,virtsim_40_1,14,1.75,0.12,False
1653,virtsim_89_0,virtsim_40_2,13,1.63,0.06,False
1654,virtsim_89_0,virtsim_4_2,13,1.63,0.06,False
1655,virtsim_89_0,virtsim_52_1,13,1.63,0.06,False
1656,virtsim_89_0,virtsim_2_4,13,1.63,0.06,False
1657,virtsim_89_0,virtsim_42_4,13,1.63,0.06,False
1658,virtsim_89_0,virtsim_39_1,14,1.75,0.12,False
1659,virtsim_89_0,virtsim_39_2,14,1.75,0.12,False
1660,virtsim_89_0,virtsim_23_2,12,1.5,-0.005,False
1661,virtsim_89_0,virtsim_70_1,13,1.63,0.06,False
1662,virtsim_89_0,virtsim_81_2,12,1.5,-0.005,False
1663,virtsim_89_0,virtsim_21_3,11,1.38,-0.065,False
1664,virtsim_89_0,virtsim_21_1,12,1.5,-0.005,False
1665,virtsim_89_0,virtsim_83_4,11,1.38,-0.065,False
1666,virtsim_89_0,virtsim_85_2,8,1.0,-0.255,False
1667,virtsim_80_0,virtsim_80_3,1,0.13,-0.69,True
1668,virtsim_80_0,virtsim_80_4,1,0.13,-0.69,True
1669,virtsim_80_0,virtsim_45_3,13,1.63,0.06,False
1670,virtsim_80_0,virtsim_60_3,11,1.38,-0.065,False
1671,virtsim_80_0,virtsim_82_3,12,1.5,-0.005,False
1672,virtsim_80_0,virtsim_13_3,12,1.5,-0.005,False
1673,virtsim_80_0,virtsim_8_1,11,1.38,-0.065,False
1674,virtsim_80_0,virtsim_8_3,11,1.38,-0.065,False
1675,virtsim_80_0,virtsim_8_2,11,1.38,-0.065,False
1676,virtsim_80_0,virtsim_6_2,14,1.75,0.12,False
1677,virtsim_80_0,virtsim_46_4,12,1.5,-0.005,False
1678,virtsim_80_0,virtsim_31_4,13,1.63,0.06,False
1679,virtsim_80_0,virtsim_46_3,12,1.5,-0.005,False
1680,virtsim_80_0,virtsim_40_1,12,1.5,-0.005,False
1681,virtsim_80_0,virtsim_40_2,11,1.38,-0.065,False
1682,virtsim_80_0,virtsim_4_2,12,1.5,-0.005,False
1683,virtsim_80_0,virtsim_52_1,12,1.5,-0.005,False
1684,virtsim_80_0,virtsim_2_4,8,1.0,-0.255,False
1685,virtsim_80_0,virtsim_42_4,11,1.38,-0.065,False
1686,virtsim_80_0,virtsim_39_1,11,1.38,-0.065,False
1687,virtsim_80_0,virtsim_39_2,12,1.5,-0.005,False
1688,virtsim_80_0,virtsim_23_2,9,1.13,-0.19,False
1689,virtsim_80_0,virtsim_70_1,10,1.25,-0.13,False
1690,virtsim_80_0,virtsim_81_2,14,1.75,0.12,False
1691,virtsim_80_0,virtsim_21_3,13,1.63,0.06,False
1692,virtsim_80_0,virtsim_21_1,13,1.63,0.06,False
1693,virtsim_80_0,virtsim_83_4,11,1.38,-0.065,False
1694,virtsim_80_0,virtsim_85_2,14,1.75,0.12,False
1695,virtsim_87_0,virtsim_82_3,11,1.38,-0.065,False
1696,virtsim_87_0,virtsim_13_3,12,1.5,-0.005,False
1697,virtsim_87_0,virtsim_8_1,11,1.38,-0.065,False
1698,virtsim_87_0,virtsim_8_3,11,1.38,-0.065,False
1699,virtsim_87_0,virtsim_8_2,11,1.38,-0.065,False
1700,virtsim_87_0,virtsim_6_2,13,1.63,0.06,False
1701,virtsim_87_0,virtsim_46_4,10,1.25,-0.13,False
1702,virtsim_87_0,virtsim_31_4,13,1.63,0.06,False
1703,virtsim_87_0,virtsim_46_3,11,1.38,-0.065,False
1704,virtsim_87_0,virtsim_40_1,13,1.63,0.06,False
1705,virtsim_87_0,virtsim_40_2,13,1.63,0.06,False
1706,virtsim_87_0,virtsim_4_2,11,1.38,-0.065,False
1707,virtsim_87_0,virtsim_52_1,11,1.38,-0.065,False
1708,virtsim_87_0,virtsim_2_4,13,1.63,0.06,False
1709,virtsim_87_0,virtsim_42_4,12,1.5,-0.005,False
1710,virtsim_87_0,virtsim_39_1,10,1.25,-0.13,False
1711,virtsim_87_0,virtsim_39_2,11,1.38,-0.065,False
1712,virtsim_87_0,virtsim_23_2,11,1.38,-0.065,False
1713,virtsim_87_0,virtsim_70_1,11,1.38,-0.065,False
1714,virtsim_87_0,virtsim_81_2,13,1.63,0.06,False
1715,virtsim_87_0,virtsim_21_3,11,1.38,-0.065,False
1716,virtsim_87_0,virtsim_21_1,12,1.5,-0.005,False
1717,virtsim_87_0,virtsim_83_4,13,1.63,0.06,False
1718,virtsim_87_0,virtsim_85_2,12,1.5,-0.005,False
1719,virtsim_82_0,virtsim_13_3,11,1.38,-0.065,False
1720,virtsim_82_0,virtsim_8_1,13,1.63,0.06,False
1721,virtsim_82_0,virtsim_8_3,13,1.63,0.06,False
1722,virtsim_82_0,virtsim_8_2,13,1.63,0.06,False
1723,virtsim_82_0,virtsim_6_2,12,1.5,-0.005,False
1724,virtsim_82_0,virtsim_46_4,14,1.75,0.12,False
1725,virtsim_82_0,virtsim_31_4,15,1.88,0.185,False
1726,virtsim_82_0,virtsim_46_3,13,1.63,0.06,False
1727,virtsim_82_0,virtsim_40_1,12,1.5,-0.005,False
1728,virtsim_82_0,virtsim_40_2,13,1.63,0.06,False
1729,virtsim_82_0,virtsim_4_2,12,1.5,-0.005,False
1730,virtsim_82_0,virtsim_52_1,14,1.75,0.12,False
1731,virtsim_82_0,virtsim_2_4,15,1.88,0.185,False
1732,virtsim_82_0,virtsim_42_4,13,1.63,0.06,False
1733,virtsim_82_0,virtsim_39_1,15,1.88,0.185,False
1734,virtsim_82_0,virtsim_39_2,15,1.88,0.185,False
1735,virtsim_82_0,virtsim_23_2,16,2.0,0.245,False
1736,virtsim_82_0,virtsim_70_1,14,1.75,0.12,False
1737,virtsim_82_0,virtsim_81_2,10,1.25,-0.13,False
1738,virtsim_82_0,virtsim_21_3,9,1.13,-0.19,False
1739,virtsim_82_0,virtsim_21_1,10,1.25,-0.13,False
1740,virtsim_82_0,virtsim_83_4,12,1.5,-0.005,False
1741,virtsim_82_0,virtsim_85_2,12,1.5,-0.005,False
1742,virtsim_44_0,virtsim_6_2,15,1.88,0.185,False
1743,virtsim_44_0,virtsim_46_4,13,1.63,0.06,False
1744,virtsim_44_0,virtsim_31_4,13,1.63,0.06,False
1745,virtsim_44_0,virtsim_46_3,12,1.5,-0.005,False
1746,virtsim_44_0,virtsim_40_1,14,1.75,0.12,False
1747,virtsim_44_0,virtsim_40_2,14,1.75,0.12,False
1748,virtsim_44_0,virtsim_4_2,11,1.38,-0.065,False
1749,virtsim_44_0,virtsim_52_1,11,1.38,-0.065,False
1750,virtsim_44_0,virtsim_2_4,14,1.75,0.12,False
1751,virtsim_44_0,virtsim_42_4,13,1.63,0.06,False
1752,virtsim_44_0,virtsim_39_1,16,2.0,0.245,False
1753,virtsim_44_0,virtsim_39_2,16,2.0,0.245,False
1754,virtsim_44_0,virtsim_23_2,15,1.88,0.185,False
1755,virtsim_44_0,virtsim_70_1,14,1.75,0.12,False
1756,virtsim_44_0,virtsim_81_2,8,1.0,-0.255,False
1757,virtsim_44_0,virtsim_21_3,12,1.5,-0.005,False
1758,virtsim_44_0,virtsim_21_1,13,1.63,0.06,False
1759,virtsim_44_0,virtsim_83_4,12,1.5,-0.005,False
1760,virtsim_44_0,virtsim_85_2,12,1.5,-0.005,False
1761,virtsim_0_0,virtsim_6_2,12,1.5,-0.005,False
1762,virtsim_0_0,virtsim_46_4,11,1.38,-0.065,False
1763,virtsim_0_0,virtsim_31_4,10,1.25,-0.13,False
1764,virtsim_0_0,virtsim_46_3,12,1.5,-0.005,False
1765,virtsim_0_0,virtsim_40_1,10,1.25,-0.13,False
1766,virtsim_0_0,virtsim_40_2,11,1.38,-0.065,False
1767,virtsim_0_0,virtsim_4_2,12,1.5,-0.005,False
1768,virtsim_0_0,virtsim_52_1,11,1.38,-0.065,False
1769,virtsim_0_0,virtsim_2_4,14,1.75,0.12,False
1770,virtsim_0_0,virtsim_42_4,12,1.5,-0.005,False
1771,virtsim_0_0,virtsim_39_1,11,1.38,-0.065,False
1772,virtsim_0_0,virtsim_39_2,11,1.38,-0.065,False
1773,virtsim_0_0,virtsim_23_2,12,1.5,-0.005,False
1774,virtsim_0_0,virtsim_70_1,12,1.5,-0.005,False
1775,virtsim_0_0,virtsim_81_2,12,1.5,-0.005,False
1776,virtsim_0_0,virtsim_21_3,13,1.63,0.06,False
1777,virtsim_0_0,virtsim_21_1,12,1.5,-0.005,False
1778,virtsim_0_0,virtsim_83_4,12,1.5,-0.005,False
1779,virtsim_0_0,virtsim_85_2,13,1.63,0.06,False
1780,virtsim_6_0,virtsim_31_4,11,1.38,-0.065,False
1781,virtsim_6_0,virtsim_46_3,14,1.75,0.12,False
1782,virtsim_6_0,virtsim_40_1,9,1.13,-0.19,False
1783,virtsim_6_0,virtsim_40_2,11,1.38,-0.065,False
1784,virtsim_6_0,virtsim_4_2,11,1.38,-0.065,False
1785,virtsim_6_0,virtsim_52_1,13,1.63,0.06,False
1786,virtsim_6_0,virtsim_2_4,12,1.5,-0.005,False
1787,virtsim_6_0,virtsim_42_4,10,1.25,-0.13,False
1788,virtsim_6_0,virtsim_39_1,10,1.25,-0.13,False
1789,virtsim_6_0,virtsim_39_2,10,1.25,-0.13,False
1790,virtsim_6_0,virtsim_23_2,13,1.63,0.06,False
1791,virtsim_6_0,virtsim_70_1,13,1.63,0.06,False
1792,virtsim_6_0,virtsim_81_2,12,1.5,-0.005,False
1793,virtsim_6_0,virtsim_21_3,12,1.5,-0.005,False
1794,virtsim_6_0,virtsim_21_1,13,1.63,0.06,False
1795,virtsim_6_0,virtsim_83_4,12,1.5,-0.005,False
1796,virtsim_6_0,virtsim_85_2,12,1.5,-0.005,False
1797,virtsim_46_0,virtsim_40_1,12,1.5,-0.005,False
1798,virtsim_46_0,virtsim_40_2,12,1.5,-0.005,False
1799,virtsim_46_0,virtsim_4_2,13,1.63,0.06,False
1800,virtsim_46_0,virtsim_52_1,9,1.13,-0.19,False
1801,virtsim_46_0,virtsim_2_4,12,1.5,-0.005,False
1802,virtsim_46_0,virtsim_42_4,12,1.5,-0.005,False
1803,virtsim_46_0,virtsim_39_1,12,1.5,-0.005,False
1804,virtsim_46_0,virtsim_39_2,13,1.63,0.06,False
1805,virtsim_46_0,virtsim_23_2,11,1.38,-0.065,False
1806,virtsim_46_0,virtsim_70_1,11,1.38,-0.065,False
1807,virtsim_46_0,virtsim_81_2,14,1.75,0.12,False
1808,virtsim_46_0,virtsim_21_3,12,1.5,-0.005,False
1809,virtsim_46_0,virtsim_21_1,11,1.38,-0.065,False
1810,virtsim_46_0,virtsim_83_4,9,1.13,-0.19,False
1811,virtsim_46_0,virtsim_85_2,12,1.5,-0.005,False
1812,virtsim_70_0,virtsim_81_2,13,1.63,0.06,False
1813,virtsim_70_0,virtsim_21_3,10,1.25,-0.13,False
1814,virtsim_70_0,virtsim_21_1,9,1.13,-0.19,False
1815,virtsim_70_0,virtsim_83_4,13,1.63,0.06,False
1816,virtsim_70_0,virtsim_85_2,13,1.63,0.06,False
1817,virtsim_55_0,virtsim_21_1,13,1.63,0.06,False
1818,virtsim_55_0,virtsim_83_4,9,1.13,-0.19,False
1819,virtsim_55_0,virtsim_85_2,11,1.38,-0.065,False
